date,trade_count,total_trade_value,total_quantity
2020-01-01,43,860487.74,4416
2020-01-02,50,1188840.76,5048
2020-01-03,52,968491.25,4834
2020-01-04,46,846968.14,4740
2020-01-05,42,837631.77,4016
2020-01-06,38,784410.23,3651
2020-01-07,44,930406.0800000001,4608
2020-01-08,55,1254378.91,5556
2020-01-09,36,587323.69,3039
2020-01-10,40,879113.73,3835
2020-01-11,32,655070.12,3078
2020-01-12,37,785828.48,3937
2020-01-13,45,991445.94,4881
2020-01-14,41,825435.42,3768
2020-01-15,55,1097176.61,5127
2020-01-16,37,800051.71,3459
2020-01-17,45,1029702.8200000001,4796
2020-01-18,47,1205275.24,5352
2020-01-19,51,1117669.92,5643
2020-01-20,41,909436.05,4213
2020-01-21,44,871364.96,4397
2020-01-22,43,1266618.16,4700
2020-01-23,52,926470.3200000001,4924
2020-01-24,60,1274633.97,5999
2020-01-25,45,912448.69,5047
2020-01-26,49,877010.55,4182
2020-01-27,29,567459.9,2983
2020-01-28,52,1171399.28,5268
2020-01-29,46,944621.07,4612
2020-01-30,51,1062925.43,5408
2020-01-31,30,574375.85,2641
2020-02-01,42,838984.49,4120
2020-02-02,32,619629.95,2813
2020-02-03,45,1085810.76,4983
2020-02-04,53,1028664.79,5337
2020-02-05,53,1449770.29,5812
2020-02-06,39,786111.63,4059
2020-02-07,51,1234007.54,5908
2020-02-08,43,821474.47,3760
2020-02-09,58,1295955.51,6349
2020-02-10,51,1114713.7,4906
2020-02-11,51,1082594.63,4954
2020-02-12,41,887574.3,4165
2020-02-13,46,812728.96,4175
2020-02-14,38,944105.13,4357
2020-02-15,46,907770.5,4614
2020-02-16,44,832179.98,4346
2020-02-17,43,919792.97,4272
2020-02-18,54,1076748.22,4907
2020-02-19,47,984968.34,4982
2020-02-20,35,702727.21,3599
2020-02-21,64,1324596.99,6063
2020-02-22,50,1108198.13,5517
2020-02-23,48,936901.09,4817
2020-02-24,44,794968.58,3564
2020-02-25,41,1052086.06,4030
2020-02-26,47,951540.4,4493
2020-02-27,45,926057.27,4436
2020-02-28,44,1066013.54,4950
2020-02-29,66,1236667.01,6544
2020-03-01,35,478915.61000000004,2504
2020-03-02,54,1198159.07,5941
2020-03-03,42,1033530.59,4478
2020-03-04,51,1168889.18,4986
2020-03-05,50,967248.08,4773
2020-03-06,49,1054220.43,4894
2020-03-07,45,989835.7,4680
2020-03-08,36,734471.77,3509
2020-03-09,45,946977.24,4056
2020-03-10,54,1300497.92,6163
2020-03-11,48,1082430.7,4623
2020-03-12,44,999547.1699999999,4363
2020-03-13,48,1036511.73,4585
2020-03-14,53,1143027.69,5541
2020-03-15,45,942114.95,4409
2020-03-16,56,1223924.46,5677
2020-03-17,31,615991.97,2910
2020-03-18,39,871656.4,4261
2020-03-19,44,967319.6,4842
2020-03-20,46,899779.94,4251
2020-03-21,45,944061.31,4339
2020-03-22,47,1000393.06,4934
2020-03-23,46,1050907.83,4988
2020-03-24,47,1076860.42,4954
2020-03-25,44,1024953.84,4130
2020-03-26,37,828984.02,3885
2020-03-27,52,1000292.41,4602
2020-03-28,41,915992.66,4208
2020-03-29,42,805879.64,3898
2020-03-30,51,1158599.36,5481
2020-03-31,50,903339.15,4712
2020-04-01,40,1096439.64,4815
2020-04-02,48,1129714.21,4895
2020-04-03,49,1062138.57,5494
2020-04-04,53,1256953.17,5382
2020-04-05,40,921157.64,4456
2020-04-06,44,885770.11,3853
2020-04-07,50,1114963.19,5144
2020-04-08,38,863917.13,4243
2020-04-09,42,1023610.75,4782
2020-04-10,53,1001949.61,5028
2020-04-11,47,961645.59,4278
2020-04-12,49,937176.94,4523
2020-04-13,48,1226059.45,5726
2020-04-14,42,913982.0800000001,4276
2020-04-15,53,1130440.3,5358
2020-04-16,51,1000937.3099999999,5191
2020-04-17,46,1215843.59,5205
2020-04-18,44,1008135.67,4411
2020-04-19,55,1113529.58,5356
2020-04-20,46,891487.79,4046
2020-04-21,46,934215.69,4929
2020-04-22,45,837436.93,4443
2020-04-23,37,771781.77,3642
2020-04-24,51,1000285.77,4931
2020-04-25,54,1191554.09,5691
2020-04-26,52,936785.33,4878
2020-04-27,38,706132.94,3466
2020-04-28,43,957115.51,4375
2020-04-29,42,955894.58,4273
2020-04-30,32,767576.72,3237
2020-05-01,36,812642.25,4165
2020-05-02,47,1110564.05,5262
2020-05-03,38,780339.57,3723
2020-05-04,49,1330616.01,5965
2020-05-05,37,735670.98,3787
2020-05-06,48,1025269.62,4950
2020-05-07,39,728754.08,3886
2020-05-08,48,1186084.34,5134
2020-05-09,49,919306.25,4106
2020-05-10,52,1167219.16,5156
2020-05-11,45,899835.8099999999,4312
2020-05-12,43,865511.71,4460
2020-05-13,50,1059895.85,4706
2020-05-14,33,691886.75,3218
2020-05-15,28,671175.9,3063
2020-05-16,46,836550.74,3919
2020-05-17,44,693137.89,3692
2020-05-18,54,1374954.14,6328
2020-05-19,54,1057794.35,5321
2020-05-20,40,888281.78,4043
2020-05-21,60,1258957.72,6528
2020-05-22,49,1191884.46,5047
2020-05-23,51,1136736.21,5354
2020-05-24,50,1085000.79,5140
2020-05-25,43,878411.16,3991
2020-05-26,47,941604.82,4507
2020-05-27,45,821432.73,3794
2020-05-28,52,1318193.55,5356
2020-05-29,44,747939.72,4184
2020-05-30,33,679474.72,3214
2020-05-31,38,766920.44,3892
2020-06-01,41,1020686.1799999999,4437
2020-06-02,49,918128.43,4989
2020-06-03,48,1056945.59,4978
2020-06-04,32,720634.32,3433
2020-06-05,64,1219681.06,6178
2020-06-06,58,1377256.6400000001,6500
2020-06-07,45,877516.66,4012
2020-06-08,48,983987.22,4605
2020-06-09,52,869209.84,4399
2020-06-10,39,974494.47,4215
2020-06-11,43,1090005.33,4643
2020-06-12,35,594453.06,3006
2020-06-13,43,1022732.19,5189
2020-06-14,41,1038796.35,4395
2020-06-15,42,801922.81,4165
2020-06-16,54,971496.33,4739
2020-06-17,40,899793.34,3998
2020-06-18,46,1152594.82,4677
2020-06-19,41,824099.55,4017
2020-06-20,56,1244177.76,6263
2020-06-21,39,919292.79,3716
2020-06-22,45,1012564.99,4568
2020-06-23,44,800196.09,3953
2020-06-24,57,1250707.18,5750
2020-06-25,46,932786.41,4311
2020-06-26,40,820997.51,3899
2020-06-27,42,945578.14,4403
2020-06-28,49,923615.77,4460
2020-06-29,56,1365925.56,5765
2020-06-30,60,1516014.25,6648
2020-07-01,35,707593.1,4004
2020-07-02,38,721440.14,3618
2020-07-03,49,1062633.89,5381
2020-07-04,34,809891.09,3734
2020-07-05,39,794317.24,4069
2020-07-06,50,775424.09,4137
2020-07-07,48,883466.66,4755
2020-07-08,45,1221950.6,5003
2020-07-09,48,1317405.94,5049
2020-07-10,48,881096.83,4461
2020-07-11,42,820955.6900000001,3346
2020-07-12,39,734934.59,3615
2020-07-13,43,659251.82,3589
2020-07-14,52,1381178.24,5969
2020-07-15,38,745825.34,3726
2020-07-16,53,1160944.58,5450
2020-07-17,44,966225.5,4273
2020-07-18,40,876058.3099999999,3788
2020-07-19,45,918223.4400000001,4486
2020-07-20,38,738490.55,3512
2020-07-21,55,1101297.71,5279
2020-07-22,56,1123930.43,5015
2020-07-23,49,862665.49,4298
2020-07-24,39,835334.85,3947
2020-07-25,48,999402.5599999999,5227
2020-07-26,46,1004172.35,4541
2020-07-27,37,652557.19,3246
2020-07-28,53,1132843.22,5594
2020-07-29,52,1171939.07,4961
2020-07-30,38,761964.08,3701
2020-07-31,46,1041597.56,5234
2020-08-01,51,1279777.12,5712
2020-08-02,46,829406.04,4584
2020-08-03,48,1127627.77,5182
2020-08-04,37,934752.6699999999,4478
2020-08-05,47,856423.3099999999,3958
2020-08-06,42,707521.23,3672
2020-08-07,42,996100.15,4597
2020-08-08,53,1072130.77,4781
2020-08-09,53,1173534.67,5720
2020-08-10,45,1010718.89,4266
2020-08-11,40,808718.25,4152
2020-08-12,40,856232.01,4237
2020-08-13,59,1592655.26,6895
2020-08-14,47,1146026.95,5092
2020-08-15,42,783698.82,3619
2020-08-16,38,859064.5,3895
2020-08-17,56,1169742.92,5306
2020-08-18,40,713305.59,3248
2020-08-19,52,949578.22,4822
2020-08-20,60,1074281.31,5206
2020-08-21,50,865385.05,4327
2020-08-22,43,1016922.41,4661
2020-08-23,45,1021389.32,4796
2020-08-24,42,1064683.1,4794
2020-08-25,38,871358.39,3656
2020-08-26,47,1006341.08,5333
2020-08-27,46,1055708.41,4672
2020-08-28,43,854792.62,3782
2020-08-29,60,1483614.46,6187
2020-08-30,43,952680.22,4637
2020-08-31,36,808568.37,3764
2020-09-01,49,1263308.3699999999,5438
2020-09-02,52,984167.0,4477
2020-09-03,35,786443.39,3782
2020-09-04,38,910700.64,4022
2020-09-05,46,919603.8099999999,4553
2020-09-06,44,1007033.17,4828
2020-09-07,40,923579.46,4413
2020-09-08,52,1123639.01,5431
2020-09-09,46,1005592.25,4830
2020-09-10,46,830449.75,4560
2020-09-11,43,831122.53,3985
2020-09-12,36,789225.82,3716
2020-09-13,47,1083804.07,4848
2020-09-14,56,1274391.7,6404
2020-09-15,56,995920.58,4369
2020-09-16,45,907494.85,4077
2020-09-17,43,953396.71,4855
2020-09-18,42,861686.15,4005
2020-09-19,41,949225.26,4370
2020-09-20,47,924070.59,4452
2020-09-21,46,961473.0,4441
2020-09-22,54,1051810.72,4572
2020-09-23,44,1015464.0700000001,4283
2020-09-24,41,711791.01,3825
2020-09-25,40,865979.8099999999,4207
2020-09-26,40,869657.31,3800
2020-09-27,50,1129759.29,5653
2020-09-28,40,928230.77,4218
2020-09-29,60,1329570.83,6493
2020-09-30,36,798046.52,3792
2020-10-01,39,612342.01,3207
2020-10-02,38,971718.9,4263
2020-10-03,46,959907.9400000001,4605
2020-10-04,40,804909.8,4292
2020-10-05,59,1189749.91,5857
2020-10-06,48,896997.28,4648
2020-10-07,54,921498.72,4685
2020-10-08,44,914510.53,4225
2020-10-09,44,1116203.38,4413
2020-10-10,44,963348.49,4333
2020-10-11,58,1216471.91,5453
2020-10-12,48,1127222.79,5492
2020-10-13,46,1056514.81,4525
2020-10-14,39,802027.51,4199
2020-10-15,56,1258633.66,6072
2020-10-16,44,1006158.92,4529
2020-10-17,47,1006517.61,4997
2020-10-18,49,1256066.33,5244
2020-10-19,46,798115.88,3992
2020-10-20,43,900940.42,4467
2020-10-21,56,1039834.04,5324
2020-10-22,45,940277.79,4493
2020-10-23,36,825224.2,3837
2020-10-24,50,935129.62,4834
2020-10-25,55,1112644.75,5409
2020-10-26,54,1027575.88,5068
2020-10-27,33,636480.43,3001
2020-10-28,38,643079.97,3596
2020-10-29,50,1063157.71,4925
2020-10-30,57,1374172.29,5937
2020-10-31,51,1026412.95,4744
2020-11-01,51,1164804.56,5271
2020-11-02,48,835747.4,4322
2020-11-03,40,911665.05,3945
2020-11-04,43,1004145.48,4583
2020-11-05,44,1127277.01,4802
2020-11-06,46,893787.37,4022
2020-11-07,40,999785.3,4832
2020-11-08,59,1428072.54,7079
2020-11-09,41,849307.9199999999,3917
2020-11-10,48,851318.4400000001,4815
2020-11-11,50,1168153.54,5427
2020-11-12,43,815898.37,3510
2020-11-13,46,913176.38,4301
2020-11-14,33,621755.51,2854
2020-11-15,46,1207023.1,5130
2020-11-16,50,1083355.22,5101
2020-11-17,48,852882.99,4574
2020-11-18,38,740153.91,3619
2020-11-19,46,902164.66,4750
2020-11-20,44,1046436.11,4356
2020-11-21,39,895461.59,4164
2020-11-22,43,916911.94,4459
2020-11-23,46,1044916.87,4711
2020-11-24,53,1111011.1400000001,5107
2020-11-25,44,919237.26,4251
2020-11-26,52,1165005.17,5409
2020-11-27,42,861071.4,4165
2020-11-28,40,954482.91,4191
2020-11-29,45,890430.04,4578
2020-11-30,50,1132462.54,5340
2020-12-01,43,1025964.97,5008
2020-12-02,38,780415.48,3959
2020-12-03,43,1048811.09,4978
2020-12-04,40,945181.74,4211
2020-12-05,47,953517.33,4333
2020-12-06,44,823470.54,4180
2020-12-07,52,1394770.82,6068
2020-12-08,44,866829.03,4225
2020-12-09,45,1068570.73,4796
2020-12-10,46,893313.55,4602
2020-12-11,51,976396.3,4737
2020-12-12,39,774183.68,3336
2020-12-13,45,1016854.42,4306
2020-12-14,41,696112.77,3689
2020-12-15,46,1087499.98,5016
2020-12-16,33,584059.37,3161
2020-12-17,47,991239.91,4742
2020-12-18,55,1107777.23,5251
2020-12-19,52,1202929.14,5336
2020-12-20,51,822045.8099999999,4202
2020-12-21,38,918223.74,4196
2020-12-22,40,764277.26,3125
2020-12-23,32,686357.23,3577
2020-12-24,36,917305.18,4115
2020-12-25,64,1625302.78,7214
2020-12-26,29,559791.01,2826
2020-12-27,45,788372.52,4110
2020-12-28,42,826011.95,4426
2020-12-29,27,637327.89,2996
2020-12-30,47,1142033.18,5519
2020-12-31,48,1153155.81,5385
2021-01-01,61,1408211.11,6117
2021-01-02,45,971797.35,4710
2021-01-03,41,897576.88,4242
2021-01-04,41,884725.65,4478
2021-01-05,39,701045.58,3841
2021-01-06,40,887537.65,4397
2021-01-07,52,1136351.98,5629
2021-01-08,40,764528.78,3691
2021-01-09,42,817201.9299999999,4054
2021-01-10,31,649548.53,3098
2021-01-11,49,1061759.44,4785
2021-01-12,43,827005.57,3959
2021-01-13,46,1072601.06,4873
2021-01-14,51,1022781.79,4701
2021-01-15,41,883953.03,4119
2021-01-16,39,769709.35,3739
2021-01-17,47,874714.25,4692
2021-01-18,52,1099804.63,5069
2021-01-19,53,1155509.54,5197
2021-01-20,42,884189.75,4377
2021-01-21,51,1015204.65,4979
2021-01-22,65,1317646.24,6645
2021-01-23,47,1019626.51,4662
2021-01-24,40,747034.2,3694
2021-01-25,48,860862.23,4614
2021-01-26,47,1010018.0,4826
2021-01-27,61,1327144.64,6584
2021-01-28,45,1008630.99,4938
2021-01-29,40,732702.47,3672
2021-01-30,35,746377.25,3240
2021-01-31,55,1283936.31,5453
2021-02-01,56,1009183.28,5555
2021-02-02,45,989381.3200000001,4529
2021-02-03,38,861126.42,3470
2021-02-04,42,732439.01,3719
2021-02-05,41,844651.18,3950
2021-02-06,36,730935.8099999999,3333
2021-02-07,49,1015121.48,4629
2021-02-08,49,1292324.32,5620
2021-02-09,44,1186204.09,4892
2021-02-10,50,1190913.6,5222
2021-02-11,60,1132989.1,5355
2021-02-12,45,1011186.09,4440
2021-02-13,43,952830.9400000001,4915
2021-02-14,46,960066.7,4372
2021-02-15,55,1311363.83,5823
2021-02-16,48,963338.47,4332
2021-02-17,45,1117549.08,4695
2021-02-18,50,1157493.78,5714
2021-02-19,42,1015287.9,4334
2021-02-20,48,918100.9299999999,4366
2021-02-21,52,1061246.58,4794
2021-02-22,39,771840.6799999999,3683
2021-02-23,52,1012629.74,4883
2021-02-24,51,832226.6,4023
2021-02-25,45,873258.87,4742
2021-02-26,34,689649.66,3155
2021-02-27,48,1125378.71,5018
2021-02-28,63,1451196.23,6625
2021-03-01,42,1033298.15,4600
2021-03-02,44,932719.41,4031
2021-03-03,33,840278.63,3786
2021-03-04,39,806934.63,4170
2021-03-05,59,1172715.61,5847
2021-03-06,38,881193.48,3816
2021-03-07,45,916689.71,4438
2021-03-08,51,1097801.03,4620
2021-03-09,48,870924.5499999999,4511
2021-03-10,46,932273.3,4457
2021-03-11,54,1232296.04,6021
2021-03-12,47,1258871.89,5632
2021-03-13,61,1268011.47,6309
2021-03-14,44,868888.05,4099
2021-03-15,39,831435.54,3931
2021-03-16,46,1154299.69,5465
2021-03-17,57,1085978.46,5747
2021-03-18,43,893650.57,4287
2021-03-19,50,1042180.34,4572
2021-03-20,48,908984.9,4133
2021-03-21,38,685402.0700000001,3675
2021-03-22,41,937820.9,3988
2021-03-23,43,892038.52,4406
2021-03-24,42,832463.77,3809
2021-03-25,45,917339.53,4544
2021-03-26,42,1037381.18,4523
2021-03-27,48,1267251.28,5585
2021-03-28,50,973124.0700000001,4843
2021-03-29,34,580326.39,3225
2021-03-30,39,870441.82,4047
2021-03-31,43,1005951.75,4574
2021-04-01,48,1111772.05,4749
2021-04-02,41,751323.79,3763
2021-04-03,42,972559.72,4321
2021-04-04,58,1144176.1300000001,5267
2021-04-05,47,826968.59,4071
2021-04-06,57,1216933.22,5716
2021-04-07,39,861314.1699999999,3643
2021-04-08,56,1219207.14,6094
2021-04-09,38,791767.2,4034
2021-04-10,44,925026.12,4368
2021-04-11,41,931169.25,3849
2021-04-12,48,925343.46,4598
2021-04-13,45,972380.26,4816
2021-04-14,42,858407.87,3987
2021-04-15,51,1301165.97,5800
2021-04-16,42,1046171.23,4264
2021-04-17,54,1094634.76,5098
2021-04-18,45,966658.22,4496
2021-04-19,51,1082130.35,5485
2021-04-20,42,714880.56,3245
2021-04-21,47,813398.83,4214
2021-04-22,53,1168417.21,5507
2021-04-23,49,1029058.32,5288
2021-04-24,33,789529.8200000001,3307
2021-04-25,39,777535.85,3692
2021-04-26,43,906239.4,4480
2021-04-27,48,960571.66,4577
2021-04-28,50,1194921.67,5444
2021-04-29,48,1113879.45,4927
2021-04-30,64,1226543.91,6037
2021-05-01,45,978120.95,4737
2021-05-02,42,916592.77,4367
2021-05-03,61,1398905.2,6291
2021-05-04,44,884540.01,4428
2021-05-05,53,1289873.8699999999,6053
2021-05-06,49,949691.39,4321
2021-05-07,47,910769.17,4896
2021-05-08,41,719383.23,3932
2021-05-09,58,1255624.77,5716
2021-05-10,46,925280.1,5038
2021-05-11,43,1043612.65,4947
2021-05-12,49,988972.88,4990
2021-05-13,52,966700.28,4904
2021-05-14,50,978363.7999999999,4894
2021-05-15,39,901783.88,3795
2021-05-16,60,1093633.21,5595
2021-05-17,45,1281822.46,5460
2021-05-18,53,952115.27,4748
2021-05-19,46,911568.86,4328
2021-05-20,58,1157783.22,5350
2021-05-21,43,1183820.68,5080
2021-05-22,40,869733.94,4285
2021-05-23,47,937786.6,4921
2021-05-24,38,709994.17,3520
2021-05-25,46,1043107.09,4626
2021-05-26,37,736497.9299999999,3553
2021-05-27,57,1233475.16,5635
2021-05-28,47,1097470.24,5033
2021-05-29,43,1056386.84,4820
2021-05-30,45,976020.76,4907
2021-05-31,38,834497.34,3597
2021-06-01,45,794805.37,3942
2021-06-02,48,1019826.22,4817
2021-06-03,61,1232787.3,6183
2021-06-04,34,777422.66,3281
2021-06-05,39,612584.85,3421
2021-06-06,44,843259.98,4292
2021-06-07,34,722699.85,3031
2021-06-08,45,964215.3,4585
2021-06-09,57,1139584.3,5700
2021-06-10,44,812400.6799999999,4132
2021-06-11,38,817844.4,4025
2021-06-12,49,1114779.63,4743
2021-06-13,47,1157020.03,5432
2021-06-14,40,933131.45,4525
2021-06-15,41,956501.68,3882
2021-06-16,46,932729.45,4432
2021-06-17,46,850421.88,4230
2021-06-18,43,848357.36,4240
2021-06-19,52,1081350.78,5029
2021-06-20,47,1153593.8800000001,5294
2021-06-21,47,1170415.15,5217
2021-06-22,41,826906.25,3875
2021-06-23,48,1273056.56,5558
2021-06-24,56,970104.62,5012
2021-06-25,35,782542.66,3623
2021-06-26,48,856751.6,4136
2021-06-27,57,1444793.95,6124
2021-06-28,46,817113.67,3866
2021-06-29,54,1349024.47,5843
2021-06-30,51,1224120.29,5615
2021-07-01,40,899722.65,3918
2021-07-02,56,1173554.67,5611
2021-07-03,46,853702.81,4388
2021-07-04,41,884651.5,4630
2021-07-05,47,1105453.82,4821
2021-07-06,47,1092813.5,5260
2021-07-07,37,765286.98,3852
2021-07-08,38,679384.44,3429
2021-07-09,43,945262.87,4485
2021-07-10,45,767417.33,4097
2021-07-11,42,1006810.76,4031
2021-07-12,39,899618.71,4362
2021-07-13,42,768467.06,3783
2021-07-14,42,981642.13,4342
2021-07-15,43,848648.64,4164
2021-07-16,48,1039149.9,5110
2021-07-17,45,1015965.65,4753
2021-07-18,50,1227384.87,5270
2021-07-19,39,1069650.64,4626
2021-07-20,37,650166.24,3087
2021-07-21,48,979501.78,4554
2021-07-22,50,925197.39,5008
2021-07-23,45,920848.61,4555
2021-07-24,54,1070092.24,4949
2021-07-25,46,1137693.66,4998
2021-07-26,49,911428.64,4365
2021-07-27,43,1086850.42,4642
2021-07-28,41,923594.67,4314
2021-07-29,37,768431.27,3749
2021-07-30,41,910997.42,4086
2021-07-31,60,1245715.63,5957
2021-08-01,40,803647.36,4308
2021-08-02,37,874436.66,3880
2021-08-03,48,966755.74,5136
2021-08-04,49,969848.36,4521
2021-08-05,51,996694.41,4972
2021-08-06,61,1453631.43,6497
2021-08-07,39,1134868.03,4842
2021-08-08,51,1256231.54,5298
2021-08-09,44,989908.0,4496
2021-08-10,42,876865.76,4192
2021-08-11,45,847112.28,4374
2021-08-12,51,1049351.9,5355
2021-08-13,62,1244218.07,5996
2021-08-14,44,973106.9,5023
2021-08-15,63,1147516.77,5839
2021-08-16,38,936421.91,4122
2021-08-17,46,1196027.47,4963
2021-08-18,56,1210098.43,5503
2021-08-19,43,923859.67,4910
2021-08-20,48,1106245.2,5343
2021-08-21,40,1039552.34,4515
2021-08-22,32,722937.2,3789
2021-08-23,42,776100.06,3626
2021-08-24,40,894679.5,3772
2021-08-25,34,647400.25,3680
2021-08-26,51,1273702.97,5737
2021-08-27,40,789249.55,4057
2021-08-28,51,1065724.07,5124
2021-08-29,44,857740.53,4059
2021-08-30,33,589777.51,3029
2021-08-31,39,812740.9500000001,3725
2021-09-01,48,994020.56,4514
2021-09-02,51,1120911.08,5614
2021-09-03,45,933019.39,4530
2021-09-04,40,855698.02,4166
2021-09-05,42,1099305.02,4841
2021-09-06,34,559647.89,2908
2021-09-07,43,971765.41,4838
2021-09-08,39,806763.97,3746
2021-09-09,46,876743.63,4110
2021-09-10,44,908695.93,4426
2021-09-11,39,703730.9500000001,3368
2021-09-12,64,1353074.94,6684
2021-09-13,49,982328.75,4935
2021-09-14,50,975767.0,4661
2021-09-15,35,554288.92,3111
2021-09-16,46,993879.62,4997
2021-09-17,40,855294.72,4031
2021-09-18,44,785444.33,4196
2021-09-19,39,858228.58,3837
2021-09-20,45,850637.8,4444
2021-09-21,38,648909.0,2937
2021-09-22,46,812374.01,4479
2021-09-23,63,1410085.77,6609
2021-09-24,50,981655.49,4761
2021-09-25,42,993031.0,4697
2021-09-26,40,944723.03,4628
2021-09-27,42,873606.76,3775
2021-09-28,39,907969.09,4370
2021-09-29,49,1224964.15,5078
2021-09-30,39,1047331.0,4102
2021-10-01,48,1125567.26,5006
2021-10-02,54,1125980.68,4785
2021-10-03,55,987790.69,5392
2021-10-04,59,1258367.89,5814
2021-10-05,36,647950.27,3225
2021-10-06,44,902451.14,4627
2021-10-07,44,862091.69,4224
2021-10-08,56,926006.22,4609
2021-10-09,66,1499095.09,6854
2021-10-10,54,1147313.69,5665
2021-10-11,42,762554.29,3844
2021-10-12,40,856757.02,4606
2021-10-13,39,805357.26,3835
2021-10-14,47,1008284.16,5053
2021-10-15,42,796579.63,4101
2021-10-16,39,787307.89,3615
2021-10-17,46,1012432.16,5067
2021-10-18,45,984026.73,4689
2021-10-19,56,1036516.0700000001,4774
2021-10-20,48,1000835.29,4821
2021-10-21,45,983723.52,4946
2021-10-22,46,1108840.68,5041
2021-10-23,42,742362.8,4050
2021-10-24,47,955127.6900000001,4350
2021-10-25,45,1019337.6,4498
2021-10-26,43,856780.92,4377
2021-10-27,52,1203336.43,5486
2021-10-28,53,1028408.72,5245
2021-10-29,54,1235088.1,5553
2021-10-30,43,1107343.24,4938
2021-10-31,48,983068.97,5031
2021-11-01,45,1080585.64,4892
2021-11-02,54,1200166.54,5573
2021-11-03,65,1292292.46,5808
2021-11-04,50,1078893.07,4940
2021-11-05,44,1002981.19,4808
2021-11-06,35,891112.97,4310
2021-11-07,50,1176171.4,5406
2021-11-08,57,1184042.06,5247
2021-11-09,41,835830.27,3793
2021-11-10,44,884114.07,3936
2021-11-11,39,856437.16,4219
2021-11-12,46,906709.6,4339
2021-11-13,54,969999.05,4935
2021-11-14,43,884036.87,3947
2021-11-15,46,992741.28,5011
2021-11-16,50,1019706.09,4813
2021-11-17,49,1007276.95,4612
2021-11-18,42,967538.26,4367
2021-11-19,35,692251.8,3585
2021-11-20,51,848524.8,4513
2021-11-21,39,785559.87,3866
2021-11-22,43,971207.41,4668
2021-11-23,57,1089562.74,5269
2021-11-24,50,1040600.22,4918
2021-11-25,42,750921.08,3638
2021-11-26,38,980828.5,3883
2021-11-27,33,864708.68,3658
2021-11-28,49,1045132.24,4702
2021-11-29,40,797677.37,4226
2021-11-30,53,947076.27,4881
2021-12-01,50,942622.01,4432
2021-12-02,37,943597.52,4047
2021-12-03,35,698477.5399999999,3434
2021-12-04,36,820914.63,3592
2021-12-05,41,583245.03,3315
2021-12-06,42,1022631.79,4068
2021-12-07,43,616289.91,3745
2021-12-08,47,974113.4500000001,4858
2021-12-09,50,785312.47,4569
2021-12-10,53,1046839.18,5009
2021-12-11,46,956510.58,4456
2021-12-12,45,955276.09,4625
2021-12-13,47,941276.29,4453
2021-12-14,43,881102.89,4329
2021-12-15,48,977113.02,4777
2021-12-16,44,846836.57,4344
2021-12-17,48,1083004.8,4673
2021-12-18,53,1204771.39,5474
2021-12-19,33,548379.78,3216
2021-12-20,37,975445.42,4347
2021-12-21,37,789047.76,3764
2021-12-22,50,1093894.97,4705
2021-12-23,48,970854.66,4966
2021-12-24,44,995466.41,4196
2021-12-25,49,970496.89,4610
2021-12-26,50,941595.77,4516
2021-12-27,50,1063929.35,4719
2021-12-28,51,1144191.62,5444
2021-12-29,38,750143.16,3672
2021-12-30,41,1012225.73,4481
2021-12-31,35,521883.75,2886
2022-01-01,53,1069450.17,4778
2022-01-02,40,763156.18,3878
2022-01-03,36,836610.52,3635
2022-01-04,41,698704.41,3719
2022-01-05,70,1412889.55,6656
2022-01-06,50,1133161.95,5436
2022-01-07,45,909735.39,4504
2022-01-08,38,581064.35,3269
2022-01-09,50,1143376.35,5098
2022-01-10,50,1070162.19,5362
2022-01-11,46,1035722.97,5058
2022-01-12,55,1049619.46,5225
2022-01-13,36,644051.26,3202
2022-01-14,49,1003971.79,4874
2022-01-15,41,892290.56,4356
2022-01-16,60,1203321.36,5967
2022-01-17,50,1155697.74,5170
2022-01-18,62,1306195.1300000001,6140
2022-01-19,48,1020357.08,4611
2022-01-20,47,928196.6,4732
2022-01-21,62,1065241.3,5613
2022-01-22,55,1109159.22,5262
2022-01-23,51,940287.09,4854
2022-01-24,46,875810.05,4416
2022-01-25,57,1267130.98,5984
2022-01-26,53,995166.39,5041
2022-01-27,45,1049876.74,4656
2022-01-28,57,1188225.82,6059
2022-01-29,31,748682.98,3451
2022-01-30,45,934878.12,4141
2022-01-31,53,908421.58,4486
2022-02-01,51,1136677.24,5217
2022-02-02,55,1080306.65,5262
2022-02-03,66,1534547.3,6552
2022-02-04,40,791862.2,3477
2022-02-05,48,1126189.58,4932
2022-02-06,58,1067463.73,5785
2022-02-07,38,864659.9500000001,3726
2022-02-08,43,785641.3099999999,3865
2022-02-09,49,1047518.85,4748
2022-02-10,44,1012109.84,5057
2022-02-11,54,1281158.92,6081
2022-02-12,63,1221449.71,6231
2022-02-13,36,927646.4199999999,4301
2022-02-14,49,899864.16,4526
2022-02-15,51,981966.23,4992
2022-02-16,45,1047865.27,4981
2022-02-17,41,808871.94,3544
2022-02-18,50,938982.4500000001,4839
2022-02-19,33,769767.9,3216
2022-02-20,48,862532.25,4302
2022-02-21,46,1038457.29,5073
2022-02-22,57,1253832.82,5766
2022-02-23,45,939575.3,4881
2022-02-24,48,1107753.08,5105
2022-02-25,38,690353.81,3618
2022-02-26,39,756077.98,3737
2022-02-27,44,892329.46,4190
2022-02-28,42,937799.72,4010
2022-03-01,39,864912.84,3904
2022-03-02,47,1195533.71,5429
2022-03-03,47,958721.5,4656
2022-03-04,39,719294.26,3549
2022-03-05,41,943464.44,4353
2022-03-06,53,1102440.99,5540
2022-03-07,48,983462.5,4925
2022-03-08,57,1212443.44,6196
2022-03-09,52,1112639.13,4926
2022-03-10,30,669245.08,2773
2022-03-11,37,666498.17,3464
2022-03-12,40,721421.03,3690
2022-03-13,46,971103.85,4470
2022-03-14,43,978716.72,4758
2022-03-15,51,974907.59,5056
2022-03-16,46,890237.32,4450
2022-03-17,51,1108076.42,5212
2022-03-18,57,1386257.54,5873
2022-03-19,39,722058.33,3607
2022-03-20,50,882452.74,4657
2022-03-21,46,803520.36,3739
2022-03-22,42,800025.45,3912
2022-03-23,51,924007.23,4496
2022-03-24,45,955642.24,4343
2022-03-25,38,741838.42,4074
2022-03-26,49,1011502.52,4330
2022-03-27,48,937599.01,5188
2022-03-28,49,1082042.42,4930
2022-03-29,36,729153.0,3946
2022-03-30,35,783931.58,3730
2022-03-31,43,930487.15,4654
2022-04-01,31,789651.49,3368
2022-04-02,49,1083434.86,4868
2022-04-03,36,845141.32,3914
2022-04-04,58,1095058.82,5080
2022-04-05,40,707502.04,3786
2022-04-06,45,864734.01,4111
2022-04-07,51,1225276.42,5749
2022-04-08,43,881972.15,3660
2022-04-09,56,1174649.38,5598
2022-04-10,47,766838.12,3890
2022-04-11,51,1119587.96,5280
2022-04-12,52,1081925.98,5384
2022-04-13,56,857448.34,4700
2022-04-14,39,724089.3099999999,3621
2022-04-15,52,1085415.21,5043
2022-04-16,41,978269.01,4228
2022-04-17,57,1226807.79,5116
2022-04-18,46,1105473.47,5228
2022-04-19,40,1014160.97,4273
2022-04-20,55,1265567.97,5386
2022-04-21,51,1023576.7,5135
2022-04-22,40,705500.72,3880
2022-04-23,37,560646.4,2834
2022-04-24,42,873831.07,4369
2022-04-25,48,1105760.16,5217
2022-04-26,39,784465.83,3828
2022-04-27,37,924120.85,4485
2022-04-28,46,909545.03,4677
2022-04-29,43,738970.92,3810
2022-04-30,45,887914.5700000001,4101
2022-05-01,49,1165310.23,5551
2022-05-02,48,936743.65,4843
2022-05-03,48,968361.01,4377
2022-05-04,50,1070384.23,5167
2022-05-05,53,1044606.88,5340
2022-05-06,35,882554.9,3781
2022-05-07,46,939792.27,4313
2022-05-08,57,1138421.76,5745
2022-05-09,50,878632.25,4666
2022-05-10,52,1121884.77,4934
2022-05-11,39,933956.53,4262
2022-05-12,52,1109923.42,5115
2022-05-13,41,873753.8,4445
2022-05-14,53,1049874.77,5167
2022-05-15,50,966591.38,4751
2022-05-16,39,807897.88,3646
2022-05-17,54,1162965.78,5600
2022-05-18,47,1081813.81,4944
2022-05-19,38,655910.43,3532
2022-05-20,45,769477.46,3833
2022-05-21,63,1338190.15,6019
2022-05-22,47,918854.15,4299
2022-05-23,36,747560.61,3446
2022-05-24,38,706145.4299999999,3827
2022-05-25,37,943583.48,3968
2022-05-26,47,890558.58,4332
2022-05-27,41,989039.05,4243
2022-05-28,40,647884.98,3341
2022-05-29,51,875277.29,5046
2022-05-30,49,1113402.57,5171
2022-05-31,45,872974.75,4155
2022-06-01,45,954462.09,5035
2022-06-02,34,756019.11,3679
2022-06-03,48,891254.85,4673
2022-06-04,58,1315273.14,5452
2022-06-05,42,964983.29,4389
2022-06-06,41,775823.34,3874
2022-06-07,47,1005165.46,4171
2022-06-08,46,868416.45,4410
2022-06-09,46,975050.34,5088
2022-06-10,49,1199703.76,5577
2022-06-11,46,1044907.88,4689
2022-06-12,40,868570.41,3879
2022-06-13,40,995595.79,4508
2022-06-14,46,1163697.8800000001,5374
2022-06-15,47,941221.12,4558
2022-06-16,36,682278.74,3590
2022-06-17,37,786470.02,3761
2022-06-18,45,1057571.66,4493
2022-06-19,49,897051.76,4691
2022-06-20,51,1159480.98,5442
2022-06-21,47,835635.0700000001,4237
2022-06-22,42,773004.64,4214
2022-06-23,48,795605.24,4281
2022-06-24,42,884270.61,3649
2022-06-25,55,1172021.22,5294
2022-06-26,41,803132.43,3898
2022-06-27,40,692124.0599999999,3406
2022-06-28,59,1404710.34,6337
2022-06-29,51,1113291.7,5115
2022-06-30,40,665162.59,3580
2022-07-01,34,697413.71,3347
2022-07-02,45,793198.58,4214
2022-07-03,51,1021832.05,4728
2022-07-04,38,877276.6,3947
2022-07-05,43,831394.85,4441
2022-07-06,58,1269394.1300000001,6191
2022-07-07,58,1279929.31,5920
2022-07-08,53,1332846.98,6001
2022-07-09,59,1210825.55,6092
2022-07-10,44,1064584.36,4799
2022-07-11,46,1048824.93,4829
2022-07-12,53,1107144.29,5595
2022-07-13,44,1130265.54,5071
2022-07-14,51,1005726.19,4853
2022-07-15,38,935002.24,4097
2022-07-16,52,1098887.73,5255
2022-07-17,47,1017140.97,4519
2022-07-18,46,974564.14,4517
2022-07-19,43,926343.75,4744
2022-07-20,36,760019.44,3577
2022-07-21,39,790902.22,3795
2022-07-22,45,875340.41,4569
2022-07-23,47,982134.54,5460
2022-07-24,49,992572.74,4461
2022-07-25,46,919838.65,4902
2022-07-26,45,774938.49,4068
2022-07-27,52,1193562.89,4889
2022-07-28,45,1153995.53,5181
2022-07-29,46,842911.01,3986
2022-07-30,33,647095.73,3233
2022-07-31,49,991435.3,4151
2022-08-01,45,1008080.0,4848
2022-08-02,43,772139.72,4049
2022-08-03,47,1033703.66,5339
2022-08-04,49,903487.11,4566
2022-08-05,44,982604.58,4736
2022-08-06,49,1178704.01,5719
2022-08-07,27,569769.35,2883
2022-08-08,52,1242098.11,5335
2022-08-09,40,832478.36,4125
2022-08-10,36,789509.24,3501
2022-08-11,48,973567.16,4974
2022-08-12,51,1165433.03,5299
2022-08-13,42,842546.08,4156
2022-08-14,54,1077432.85,5439
2022-08-15,41,861382.86,4086
2022-08-16,47,971387.24,4180
2022-08-17,63,1353262.34,6677
2022-08-18,47,878748.92,4476
2022-08-19,46,945504.39,4101
2022-08-20,57,1166395.01,5608
2022-08-21,53,1161603.38,5405
2022-08-22,37,748815.02,3624
2022-08-23,39,781413.89,3662
2022-08-24,45,804056.8,4370
2022-08-25,42,835564.38,4265
2022-08-26,33,665752.42,2969
2022-08-27,40,766436.42,3866
2022-08-28,52,1272371.71,5610
2022-08-29,31,569614.4400000001,2707
2022-08-30,45,816846.7,4258
2022-08-31,41,956467.24,4587
2022-09-01,44,971185.08,4590
2022-09-02,54,1163770.93,5978
2022-09-03,53,1376214.5,5363
2022-09-04,49,922953.48,4591
2022-09-05,30,539262.94,2571
2022-09-06,57,1239610.23,5473
2022-09-07,47,1017757.64,4819
2022-09-08,50,1268071.42,5845
2022-09-09,44,971308.01,5212
2022-09-10,39,862254.01,3671
2022-09-11,34,632222.67,3506
2022-09-12,45,939362.52,4674
2022-09-13,54,1098509.97,5438
2022-09-14,56,1353531.98,5984
2022-09-15,46,975836.73,4610
2022-09-16,54,1185204.93,5535
2022-09-17,43,863443.29,4472
2022-09-18,45,889997.58,4542
2022-09-19,47,973214.38,4993
2022-09-20,45,968825.15,4939
2022-09-21,44,740665.07,3626
2022-09-22,50,1104359.01,5348
2022-09-23,56,1160159.77,5054
2022-09-24,44,1009763.0700000001,4710
2022-09-25,50,1255553.25,5287
2022-09-26,45,817506.34,4089
2022-09-27,41,929687.12,4265
2022-09-28,42,797104.1,4305
2022-09-29,38,885329.75,4374
2022-09-30,39,676851.58,3860
2022-10-01,44,976650.39,4843
2022-10-02,45,995863.61,4589
2022-10-03,40,912029.19,3879
2022-10-04,35,841648.66,3928
2022-10-05,42,978076.18,4170
2022-10-06,42,844685.37,4354
2022-10-07,42,722499.16,3915
2022-10-08,46,1011242.26,4794
2022-10-09,34,887537.03,3857
2022-10-10,46,818728.72,4180
2022-10-11,40,905777.4,4177
2022-10-12,45,920084.9,4653
2022-10-13,43,1029127.86,4637
2022-10-14,51,1091032.35,5024
2022-10-15,74,1557442.87,7447
2022-10-16,58,1235906.28,5836
2022-10-17,48,792160.0,4350
2022-10-18,51,837629.15,4084
2022-10-19,60,1108705.19,5696
2022-10-20,38,830298.62,4082
2022-10-21,44,879786.21,4696
2022-10-22,31,783290.87,3627
2022-10-23,43,1077783.05,5026
2022-10-24,44,833211.71,3845
2022-10-25,44,996238.14,4238
2022-10-26,43,1011709.19,4649
2022-10-27,45,872108.97,4629
2022-10-28,39,759026.47,3462
2022-10-29,48,1099187.45,5303
2022-10-30,53,1230105.34,5846
2022-10-31,33,585603.92,2737
2022-11-01,49,1065135.49,5410
2022-11-02,50,1118427.06,5187
2022-11-03,40,903956.91,4534
2022-11-04,50,1310974.43,5608
2022-11-05,43,868823.92,4119
2022-11-06,41,1002450.2,4340
2022-11-07,52,1217211.59,5624
2022-11-08,53,1199738.55,5487
2022-11-09,43,843195.27,4173
2022-11-10,43,1221379.78,4787
2022-11-11,54,1143183.77,4719
2022-11-12,45,951415.0,4427
2022-11-13,44,845150.7,4051
2022-11-14,46,816702.94,4143
2022-11-15,50,1388430.66,5944
2022-11-16,48,944170.99,4870
2022-11-17,38,569292.5,3544
2022-11-18,37,957776.88,4069
2022-11-19,49,1217868.35,5462
2022-11-20,59,1203981.42,5907
2022-11-21,48,1168630.53,5250
2022-11-22,46,701992.25,3630
2022-11-23,39,596561.0,3473
2022-11-24,39,744828.88,3348
2022-11-25,41,903232.47,4119
2022-11-26,48,961731.35,4575
2022-11-27,46,826337.82,3954
2022-11-28,45,965797.46,4806
2022-11-29,32,584308.32,2890
2022-11-30,56,972224.92,5220
2022-12-01,40,834241.39,4539
2022-12-02,58,1123219.34,5607
2022-12-03,45,974334.29,4326
2022-12-04,49,968018.24,4480
2022-12-05,47,1076851.97,5106
2022-12-06,36,756962.0599999999,3042
2022-12-07,48,1008758.79,4440
2022-12-08,35,731887.15,3884
2022-12-09,51,1020257.74,5402
2022-12-10,36,689602.17,3450
2022-12-11,45,816881.02,4218
2022-12-12,39,697341.17,3543
2022-12-13,44,1067297.15,4457
2022-12-14,50,1004828.41,5066
2022-12-15,40,827515.53,3886
2022-12-16,58,1195206.89,5721
2022-12-17,58,1152613.84,5218
2022-12-18,52,1146645.2,5643
2022-12-19,39,821988.19,3536
2022-12-20,45,905437.66,4197
2022-12-21,42,1021085.23,4629
2022-12-22,42,1075881.01,4797
2022-12-23,59,1147204.36,5411
2022-12-24,56,1340265.0,6134
2022-12-25,55,992460.26,4912
2022-12-26,32,800501.6900000001,3644
2022-12-27,39,888199.88,4641
2022-12-28,52,1255275.6,5816
2022-12-29,44,827769.37,4287
2022-12-30,57,1110189.14,5359
2022-12-31,53,982423.67,5277
2023-01-01,45,977541.19,4556
2023-01-02,52,1161884.64,5402
2023-01-03,48,1031185.3,4602
2023-01-04,55,1001974.53,5275
2023-01-05,43,823649.57,4310
2023-01-06,45,820909.48,4439
2023-01-07,52,1309622.31,6253
2023-01-08,30,666084.42,3487
2023-01-09,55,1163795.3699999999,5495
2023-01-10,45,945964.02,4385
2023-01-11,43,895166.86,4648
2023-01-12,49,1020661.56,5288
2023-01-13,47,962497.1799999999,4775
2023-01-14,51,1026439.41,4912
2023-01-15,36,612005.9,2978
2023-01-16,38,683699.02,3503
2023-01-17,43,824283.84,4153
2023-01-18,48,970312.68,4228
2023-01-19,41,946179.7,4341
2023-01-20,43,1004570.52,4582
2023-01-21,61,1095610.39,5516
2023-01-22,45,923720.41,4226
2023-01-23,40,911546.48,4532
2023-01-24,44,1114159.03,5047
2023-01-25,42,868355.65,4246
2023-01-26,34,637551.24,3590
2023-01-27,46,1138131.12,5144
2023-01-28,46,899547.13,4985
2023-01-29,46,909514.66,4521
2023-01-30,34,787485.44,3556
2023-01-31,56,952321.14,4940
2023-02-01,46,838743.4,4089
2023-02-02,46,1039563.97,4964
2023-02-03,32,605414.38,2531
2023-02-04,37,921728.1,3639
2023-02-05,42,994747.89,4635
2023-02-06,48,922732.44,4575
2023-02-07,58,1367208.88,5776
2023-02-08,45,847440.5,4220
2023-02-09,34,671338.27,3703
2023-02-10,42,926585.64,4464
2023-02-11,39,974085.71,4560
2023-02-12,31,600486.28,2898
2023-02-13,45,972501.86,4720
2023-02-14,49,910744.47,4709
2023-02-15,53,1343167.36,5583
2023-02-16,58,1247162.36,5938
2023-02-17,39,840678.85,4072
2023-02-18,55,1086922.86,5130
2023-02-19,54,1118937.56,5493
2023-02-20,45,1089282.56,5070
2023-02-21,44,951105.51,4359
2023-02-22,46,1043195.07,4769
2023-02-23,59,1166126.65,6068
2023-02-24,48,1160858.41,5093
2023-02-25,51,1062697.99,5262
2023-02-26,43,815909.24,4155
2023-02-27,46,904097.28,4635
2023-02-28,37,789521.17,3953
2023-03-01,42,803257.09,3851
2023-03-02,61,1356088.18,6232
2023-03-03,37,993708.59,3971
2023-03-04,50,1089746.78,5277
2023-03-05,52,1138863.71,5441
2023-03-06,38,722259.66,4070
2023-03-07,42,1068124.48,4754
2023-03-08,45,1055157.01,5131
2023-03-09,51,1210501.77,5632
2023-03-10,44,737495.41,4179
2023-03-11,38,947552.15,4048
2023-03-12,50,997690.36,4808
2023-03-13,36,706648.84,3401
2023-03-14,38,680745.05,3309
2023-03-15,53,1034820.43,4932
2023-03-16,49,1068721.86,4855
2023-03-17,60,1424055.76,6406
2023-03-18,46,1213295.73,5260
2023-03-19,50,1052150.7,5118
2023-03-20,62,1200863.94,5841
2023-03-21,65,1306496.65,6236
2023-03-22,42,938484.03,4078
2023-03-23,45,1038258.02,5085
2023-03-24,50,1248146.7,5223
2023-03-25,46,820240.48,3921
2023-03-26,40,767750.49,3999
2023-03-27,36,943052.15,4114
2023-03-28,43,977210.01,4091
2023-03-29,48,1056143.54,5148
2023-03-30,43,915036.36,4824
2023-03-31,43,842347.72,3953
2023-04-01,45,883694.07,4006
2023-04-02,47,1213582.72,5733
2023-04-03,52,1052264.87,5642
2023-04-04,56,1154233.82,5331
2023-04-05,47,1082297.78,4623
2023-04-06,53,1268362.55,5799
2023-04-07,43,893683.35,4263
2023-04-08,49,1017254.92,4999
2023-04-09,46,962301.69,4615
2023-04-10,45,835250.51,4258
2023-04-11,47,1025329.3200000001,5202
2023-04-12,52,1014010.95,5024
2023-04-13,40,995242.48,4308
2023-04-14,41,881123.95,4061
2023-04-15,44,1050500.32,5001
2023-04-16,53,1258180.1,5834
2023-04-17,53,1107896.58,5261
2023-04-18,45,861309.01,3848
2023-04-19,54,1229358.44,5995
2023-04-20,43,928461.04,4707
2023-04-21,50,1078036.75,4752
2023-04-22,50,1175007.54,6163
2023-04-23,47,720275.5700000001,3854
2023-04-24,53,1168520.05,5528
2023-04-25,40,809170.8099999999,4113
2023-04-26,44,1032311.63,4911
2023-04-27,41,829362.14,3982
2023-04-28,51,1048966.65,5041
2023-04-29,42,819598.6,4025
2023-04-30,48,1012048.0,4805
2023-05-01,55,1120146.05,5586
2023-05-02,45,875948.46,4425
2023-05-03,40,788450.79,3829
2023-05-04,55,1213296.94,5592
2023-05-05,43,898053.46,4203
2023-05-06,35,892573.37,3903
2023-05-07,56,1252663.32,5652
2023-05-08,27,615625.49,2944
2023-05-09,45,1053052.99,4770
2023-05-10,40,934898.14,4387
2023-05-11,43,872922.8,4299
2023-05-12,51,1069177.81,5029
2023-05-13,44,981191.4,4523
2023-05-14,47,866501.02,3809
2023-05-15,46,1083598.05,4488
2023-05-16,43,798758.67,3946
2023-05-17,46,1053758.42,4605
2023-05-18,47,824158.8,3876
2023-05-19,48,1162924.8,5228
2023-05-20,50,1165981.19,5388
2023-05-21,55,1268130.74,5756
2023-05-22,45,930795.78,5224
2023-05-23,44,808621.15,3863
2023-05-24,46,859021.78,4445
2023-05-25,50,851339.73,4500
2023-05-26,48,1065492.55,5069
2023-05-27,44,1235543.9100000001,5148
2023-05-28,50,1106725.85,5134
2023-05-29,47,1010404.59,4915
2023-05-30,40,741268.0,3866
2023-05-31,39,635368.32,3498
2023-06-01,48,1129946.8699999999,5383
2023-06-02,56,1344491.57,6203
2023-06-03,41,1091343.23,4876
2023-06-04,55,1115295.37,5334
2023-06-05,41,760592.89,4132
2023-06-06,42,785299.55,3716
2023-06-07,56,1395243.98,6078
2023-06-08,44,1001841.14,4456
2023-06-09,48,922613.39,4310
2023-06-10,55,940001.24,4885
2023-06-11,38,649027.2,3554
2023-06-12,40,686588.83,3573
2023-06-13,43,964816.73,4452
2023-06-14,39,797793.01,4093
2023-06-15,46,828189.72,4158
2023-06-16,53,1181084.5,5120
2023-06-17,62,1448256.38,6657
2023-06-18,49,1129028.89,5708
2023-06-19,49,1032817.67,4853
2023-06-20,47,778001.64,4119
2023-06-21,58,1209145.73,5790
2023-06-22,43,964191.01,4568
2023-06-23,49,1181200.11,5492
2023-06-24,51,1020856.72,4611
2023-06-25,46,1059119.11,4866
2023-06-26,53,1229935.31,5739
2023-06-27,51,1109639.9,4950
2023-06-28,54,1071000.2,5467
2023-06-29,46,984327.07,4765
2023-06-30,39,891756.83,3844
2023-07-01,50,1088029.65,5499
2023-07-02,59,1082801.75,5124
2023-07-03,62,1075777.45,5655
2023-07-04,34,666199.68,3444
2023-07-05,56,1379297.83,6114
2023-07-06,40,853698.3099999999,4376
2023-07-07,50,1074399.45,5376
2023-07-08,42,1009836.22,4645
2023-07-09,43,810878.54,3764
2023-07-10,57,1126567.28,5535
2023-07-11,51,960316.8,4615
2023-07-12,41,1021807.02,4846
2023-07-13,51,1112539.56,5089
2023-07-14,57,1061088.82,5889
2023-07-15,48,977819.5,4653
2023-07-16,38,865031.36,4241
2023-07-17,41,903102.75,4313
2023-07-18,55,1104526.93,5719
2023-07-19,56,1017985.71,5361
2023-07-20,41,805046.93,3945
2023-07-21,32,699130.98,3307
2023-07-22,55,976828.92,4722
2023-07-23,43,897018.08,4296
2023-07-24,47,1015512.39,5216
2023-07-25,37,925930.11,4093
2023-07-26,48,1285977.21,5143
2023-07-27,40,808852.27,4326
2023-07-28,34,830453.15,3721
2023-07-29,45,988536.17,5235
2023-07-30,38,807294.29,4004
2023-07-31,39,772424.18,3453
2023-08-01,51,973582.85,5042
2023-08-02,45,823160.5,4400
2023-08-03,46,994386.3,4541
2023-08-04,45,1135304.54,4831
2023-08-05,48,1143078.3,5429
2023-08-06,58,1422701.06,6196
2023-08-07,32,722826.92,3480
2023-08-08,43,929004.92,4508
2023-08-09,49,1078927.21,5411
2023-08-10,51,815566.02,3926
2023-08-11,48,969308.22,4717
2023-08-12,55,1155342.01,5117
2023-08-13,38,885251.49,4049
2023-08-14,42,798681.57,3822
2023-08-15,43,1056032.3,4520
2023-08-16,45,878428.43,4702
2023-08-17,57,1112379.88,5573
2023-08-18,49,921434.6799999999,4523
2023-08-19,37,977982.3300000001,3542
2023-08-20,50,1039363.71,5265
2023-08-21,36,757700.37,3952
2023-08-22,37,727439.4,3768
2023-08-23,47,1092568.6400000001,4985
2023-08-24,35,671791.59,2794
2023-08-25,46,965421.48,4568
2023-08-26,54,1112482.76,5367
2023-08-27,45,897982.65,4287
2023-08-28,39,782696.01,3759
2023-08-29,64,1201464.7,6464
2023-08-30,41,854814.09,4146
2023-08-31,47,1148612.03,5185
2023-09-01,44,854584.86,4453
2023-09-02,49,1005803.02,5119
2023-09-03,34,903255.84,4206
2023-09-04,41,766276.85,3915
2023-09-05,43,935692.26,4811
2023-09-06,35,635190.06,3264
2023-09-07,54,1087067.3800000001,5732
2023-09-08,45,977584.14,4732
2023-09-09,49,924023.77,4471
2023-09-10,51,948524.13,4426
2023-09-11,44,1039989.75,4711
2023-09-12,39,933771.52,3934
2023-09-13,47,830317.05,4140
2023-09-14,56,1205341.34,5679
2023-09-15,41,1028085.36,4557
2023-09-16,50,896624.1699999999,4309
2023-09-17,44,671549.33,3312
2023-09-18,49,904348.76,4297
2023-09-19,44,950200.47,4097
2023-09-20,42,832945.49,3914
2023-09-21,42,777106.22,3923
2023-09-22,40,685039.35,3128
2023-09-23,35,857839.47,3926
2023-09-24,49,887483.67,4478
2023-09-25,32,546709.33,2885
2023-09-26,34,588343.74,3292
2023-09-27,59,1211506.66,6149
2023-09-28,44,829546.0599999999,4029
2023-09-29,46,1068314.84,5032
2023-09-30,46,1026880.87,5013
2023-10-01,55,1055111.62,5155
2023-10-02,37,790247.6799999999,3895
2023-10-03,44,805849.56,4052
2023-10-04,49,1150465.26,5154
2023-10-05,40,786406.97,4022
2023-10-06,54,1129808.68,5681
2023-10-07,52,1122565.33,4907
2023-10-08,44,850722.6,4287
2023-10-09,44,1025304.61,4510
2023-10-10,27,620039.03,2407
2023-10-11,36,845179.31,3992
2023-10-12,38,779932.51,3482
2023-10-13,42,854974.39,4350
2023-10-14,52,1068507.76,5705
2023-10-15,42,922814.9299999999,3936
2023-10-16,52,1052416.98,5233
2023-10-17,49,959998.32,5011
2023-10-18,50,1213112.43,5615
2023-10-19,42,860463.04,4340
2023-10-20,56,1230291.73,6098
2023-10-21,37,844912.74,3899
2023-10-22,51,1037235.5,4751
2023-10-23,45,1035978.64,4927
2023-10-24,52,1092369.92,4632
2023-10-25,39,944659.89,4292
2023-10-26,54,1091561.8699999999,5759
2023-10-27,39,826642.58,3617
2023-10-28,49,922189.75,4795
2023-10-29,41,980801.42,3864
2023-10-30,56,1020240.36,5261
2023-10-31,59,1210254.35,5509
2023-11-01,43,1090596.53,4917
2023-11-02,41,973868.83,4566
2023-11-03,38,718204.97,3950
2023-11-04,50,1106387.18,4434
2023-11-05,40,807527.47,4004
2023-11-06,60,1265947.61,5959
2023-11-07,48,851398.21,4147
2023-11-08,45,1120957.39,4725
2023-11-09,49,1174749.3800000001,5269
2023-11-10,39,809784.88,3666
2023-11-11,42,1033020.14,4537
2023-11-12,47,955444.99,4324
2023-11-13,44,840674.81,3833
2023-11-14,51,1212557.35,5533
2023-11-15,45,1031573.41,4338
2023-11-16,42,664450.39,3321
2023-11-17,49,952641.55,4099
2023-11-18,45,988157.49,4696
2023-11-19,51,1196762.05,5268
2023-11-20,42,720964.95,3535
2023-11-21,44,1188857.39,5196
2023-11-22,36,916737.28,3718
2023-11-23,44,905260.79,4516
2023-11-24,54,1035541.08,5759
2023-11-25,46,971753.56,4729
2023-11-26,48,1047056.9,4568
2023-11-27,42,913571.75,4201
2023-11-28,37,768333.9400000001,3713
2023-11-29,58,946113.78,5263
2023-11-30,49,1163819.05,5314
2023-12-01,41,1045903.03,4687
2023-12-02,55,1211570.46,5667
2023-12-03,48,1144904.39,5107
2023-12-04,42,977782.58,4404
2023-12-05,37,770091.54,3485
2023-12-06,44,1005469.6699999999,4223
2023-12-07,53,1186921.1,5397
2023-12-08,51,782771.12,4216
2023-12-09,49,931373.8,4518
2023-12-10,47,892661.28,4618
2023-12-11,47,1062288.73,5226
2023-12-12,53,1040856.76,4768
2023-12-13,54,1063136.94,4825
2023-12-14,42,856250.48,4534
2023-12-15,46,1032587.59,5065
2023-12-16,39,586386.91,3157
2023-12-17,42,777174.96,3643
2023-12-18,45,907935.95,4397
2023-12-19,42,855857.55,4302
2023-12-20,42,998017.3,4754
2023-12-21,41,844139.55,3772
2023-12-22,39,873358.9,4009
2023-12-23,60,1043153.33,5386
2023-12-24,48,1167640.35,5319
2023-12-25,34,685567.44,3558
2023-12-26,44,845652.24,4379
2023-12-27,45,877170.91,4096
2023-12-28,37,766271.22,3428
2023-12-29,41,1038509.19,4517
2023-12-30,44,780072.16,3831
2023-12-31,43,679605.95,3422
2024-01-01,44,833944.57,4448
2024-01-02,35,664217.72,3702
2024-01-03,38,824639.77,3625
2024-01-04,51,1058801.93,5346
2024-01-05,43,876685.44,3904
2024-01-06,41,733953.83,3568
2024-01-07,37,851911.38,4036
2024-01-08,39,882843.39,4017
2024-01-09,39,967698.65,4499
2024-01-10,42,750970.53,3808
2024-01-11,48,1087794.54,4620
2024-01-12,41,815951.21,4053
2024-01-13,44,1064179.12,4764
2024-01-14,47,1101147.07,5271
2024-01-15,44,968021.01,4572
2024-01-16,43,810547.92,3819
2024-01-17,43,868128.75,4062
2024-01-18,33,574351.92,2711
2024-01-19,50,974666.12,4821
2024-01-20,42,994570.8,4359
2024-01-21,42,770367.76,3992
2024-01-22,50,1280346.92,6029
2024-01-23,55,1485429.08,6619
2024-01-24,47,1229139.82,5361
2024-01-25,49,880358.12,4163
2024-01-26,49,1076995.33,4776
2024-01-27,45,885911.41,4204
2024-01-28,51,960156.7,4863
2024-01-29,47,1306499.87,5078
2024-01-30,43,1013305.02,4389
2024-01-31,43,854962.83,4170
2024-02-01,45,985041.61,4788
2024-02-02,41,912672.77,4089
2024-02-03,43,1191080.86,4893
2024-02-04,49,1200803.27,5660
2024-02-05,44,913163.1,4130
2024-02-06,36,763277.16,3184
2024-02-07,49,1202863.76,5464
2024-02-08,44,837931.95,4275
2024-02-09,36,852764.94,3768
2024-02-10,45,986915.61,4911
2024-02-11,63,1215032.56,6023
2024-02-12,51,780940.79,4030
2024-02-13,46,1114469.88,4926
2024-02-14,40,773418.93,3691
2024-02-15,52,1128561.74,5756
2024-02-16,38,899862.9,4153
2024-02-17,41,939480.51,4237
2024-02-18,50,1177032.49,5034
2024-02-19,55,1234718.72,5824
2024-02-20,45,944496.54,4942
2024-02-21,47,1019668.13,4528
2024-02-22,42,722090.22,3509
2024-02-23,45,796740.39,3748
2024-02-24,40,1085784.79,4761
2024-02-25,47,1080657.99,4775
2024-02-26,45,1197770.98,5140
2024-02-27,50,1179367.72,5060
2024-02-28,42,996945.23,4550
2024-02-29,41,807769.59,3869
2024-03-01,49,1169051.52,5248
2024-03-02,49,834983.92,4405
2024-03-03,39,903158.72,3953
2024-03-04,58,1202260.3,5434
2024-03-05,54,1162242.78,5744
2024-03-06,46,942784.28,4338
2024-03-07,45,1039985.9299999999,4804
2024-03-08,41,821769.54,4087
2024-03-09,46,1090108.72,4699
2024-03-10,48,907294.85,4918
2024-03-11,61,1275818.45,6495
2024-03-12,42,852458.34,4244
2024-03-13,47,870178.3,4208
2024-03-14,39,881972.58,3984
2024-03-15,46,1003601.23,4282
2024-03-16,33,726501.28,3289
2024-03-17,39,714210.53,3531
2024-03-18,46,1182417.61,4970
2024-03-19,53,1092745.37,5432
2024-03-20,49,1046456.3200000001,4721
2024-03-21,42,839967.86,3986
2024-03-22,42,956533.85,4236
2024-03-23,59,1461529.18,6219
2024-03-24,42,951851.71,4564
2024-03-25,40,742380.87,3585
2024-03-26,35,640875.61,3170
2024-03-27,44,950709.47,4537
2024-03-28,51,1159791.27,5250
2024-03-29,43,883221.12,4298
2024-03-30,38,908880.03,4353
2024-03-31,40,764772.97,3612
2024-04-01,49,1118813.8800000001,4890
2024-04-02,44,944783.34,4720
2024-04-03,55,1100766.6099999999,5170
2024-04-04,42,874928.65,4019
2024-04-05,45,1017346.2,4726
2024-04-06,36,765817.89,3698
2024-04-07,41,756096.98,3956
2024-04-08,46,1093235.08,4906
2024-04-09,37,827787.96,3742
2024-04-10,48,869116.57,4711
2024-04-11,44,1037298.45,5136
2024-04-12,36,734845.77,3932
2024-04-13,52,1069062.81,5006
2024-04-14,48,927765.88,4673
2024-04-15,38,768562.58,3763
2024-04-16,58,1413121.72,6551
2024-04-17,47,1012637.43,5099
2024-04-18,50,937830.61,5070
2024-04-19,53,1233228.59,5803
2024-04-20,40,1070948.35,4835
2024-04-21,49,1066999.27,4939
2024-04-22,51,1401560.14,6059
2024-04-23,54,1234417.33,5784
2024-04-24,55,1233620.83,5732
2024-04-25,51,1072481.09,4917
2024-04-26,38,759466.26,3890
2024-04-27,49,937247.58,4818
2024-04-28,50,1197218.76,5320
2024-04-29,53,1105396.31,5241
2024-04-30,44,1317732.8,5349
2024-05-01,44,978951.64,4497
2024-05-02,53,893659.42,4877
2024-05-03,52,1009924.24,5353
2024-05-04,44,884879.41,4675
2024-05-05,42,961413.85,4287
2024-05-06,42,1083132.17,4621
2024-05-07,46,822212.03,4110
2024-05-08,47,832864.87,4090
2024-05-09,36,1047967.47,4378
2024-05-10,42,1081875.32,4405
2024-05-11,46,912286.56,4394
2024-05-12,38,740701.38,3425
2024-05-13,46,904197.51,4472
2024-05-14,52,1022826.91,4442
2024-05-15,51,1036522.11,5266
2024-05-16,49,1038188.89,4982
2024-05-17,54,1116899.36,5545
2024-05-18,47,1026571.11,4983
2024-05-19,49,835091.77,4307
2024-05-20,45,932043.87,4697
2024-05-21,39,871396.6799999999,4356
2024-05-22,47,1082577.45,5131
2024-05-23,63,1459500.07,6712
2024-05-24,55,1141435.55,5572
2024-05-25,51,1381414.23,5513
2024-05-26,44,979846.17,4249
2024-05-27,50,904597.64,4417
2024-05-28,43,809624.75,3963
2024-05-29,54,962187.75,5115
2024-05-30,38,916493.4,3806
2024-05-31,42,945082.18,4140
2024-06-01,44,966584.14,4607
2024-06-02,45,902894.31,4432
2024-06-03,54,968473.76,4287
2024-06-04,50,1127722.95,5139
2024-06-05,44,877793.68,4217
2024-06-06,55,1054726.11,4820
2024-06-07,47,1120560.8599999999,5302
2024-06-08,46,1029762.44,4663
2024-06-09,51,1124898.06,5395
2024-06-10,44,847038.74,3790
2024-06-11,32,755368.39,3447
2024-06-12,58,1140102.98,5683
2024-06-13,45,1143330.26,4795
2024-06-14,55,1187977.2,6226
2024-06-15,39,735382.91,3794
2024-06-16,40,871717.45,4087
2024-06-17,39,708372.21,3046
2024-06-18,62,1350396.5,6813
2024-06-19,48,1024032.5399999999,4419
2024-06-20,46,822223.5499999999,4595
2024-06-21,40,1247026.94,5155
2024-06-22,42,672851.39,3631
2024-06-23,35,666650.4299999999,3153
2024-06-24,42,726239.73,3807
2024-06-25,43,685626.22,3423
2024-06-26,41,920526.31,4204
2024-06-27,44,917188.64,4366
2024-06-28,36,772875.48,3914
2024-06-29,45,880472.91,4350
2024-06-30,45,916330.9,4551
2024-07-01,40,756047.47,3964
2024-07-02,34,742876.8200000001,3057
2024-07-03,41,902274.78,3882
2024-07-04,36,556228.29,2984
2024-07-05,50,1104416.82,4705
2024-07-06,48,1081782.46,4846
2024-07-07,46,1048539.92,4344
2024-07-08,45,1019473.38,4645
2024-07-09,48,836123.42,4029
2024-07-10,49,934155.27,4859
2024-07-11,35,697127.4,3647
2024-07-12,48,742810.35,4615
2024-07-13,53,959393.48,4480
2024-07-14,50,1111530.6199999999,5069
2024-07-15,47,900637.16,4463
2024-07-16,46,977799.41,4084
2024-07-17,43,888476.58,4508
2024-07-18,48,899262.59,4436
2024-07-19,47,1038143.58,4402
2024-07-20,44,965813.3,4217
2024-07-21,46,895904.98,4712
2024-07-22,44,838227.13,4102
2024-07-23,51,1043597.17,4905
2024-07-24,30,764642.79,3838
2024-07-25,42,708919.58,3547
2024-07-26,45,1088822.4,4860
2024-07-27,40,875593.4400000001,4394
2024-07-28,47,868791.77,4525
2024-07-29,62,1298526.44,5752
2024-07-30,46,991025.19,4894
2024-07-31,48,1061349.42,5094
2024-08-01,37,755769.83,3616
2024-08-02,57,1249267.12,5950
2024-08-03,50,1067381.28,5598
2024-08-04,44,936588.57,4395
2024-08-05,44,928976.62,4648
2024-08-06,38,803657.18,3895
2024-08-07,36,889283.13,3962
2024-08-08,50,993736.23,4752
2024-08-09,43,981751.9400000001,4383
2024-08-10,47,937348.75,4704
2024-08-11,32,593708.21,2623
2024-08-12,47,1007217.5,4918
2024-08-13,35,669812.34,3227
2024-08-14,32,669332.26,3013
2024-08-15,51,955536.05,4945
2024-08-16,30,499394.35,2548
2024-08-17,55,1150055.8900000001,5352
2024-08-18,53,1178913.0,5372
2024-08-19,47,1077618.76,4875
2024-08-20,46,899721.65,4410
2024-08-21,52,917776.47,4982
2024-08-22,47,1055373.45,4782
2024-08-23,36,689373.51,3916
2024-08-24,53,1051474.08,5268
2024-08-25,40,762621.5,3856
2024-08-26,40,756430.78,3926
2024-08-27,45,945255.07,4411
2024-08-28,36,782102.7,3785
2024-08-29,54,806742.46,4087
2024-08-30,47,896655.13,4287
2024-08-31,48,1043689.41,5043
2024-09-01,36,655518.61,3065
2024-09-02,34,772254.38,3559
2024-09-03,51,1151926.12,5123
2024-09-04,46,868693.79,4074
2024-09-05,37,869161.36,3887
2024-09-06,45,952763.29,4468
2024-09-07,47,1139015.75,4718
2024-09-08,36,657086.53,3208
2024-09-09,43,966901.73,4571
2024-09-10,43,1016347.52,5163
2024-09-11,51,777008.0599999999,4565
2024-09-12,35,659497.62,3332
2024-09-13,42,804434.04,3429
2024-09-14,43,742743.67,3661
2024-09-15,37,793055.38,3882
2024-09-16,46,902316.5599999999,3954
2024-09-17,46,1103442.17,4894
2024-09-18,28,451578.81,2093
2024-09-19,49,1005553.76,4689
2024-09-20,43,809624.12,4030
2024-09-21,39,1017444.8099999999,4489
2024-09-22,45,1104563.35,5125
2024-09-23,41,778604.95,4003
2024-09-24,57,1293040.19,5988
2024-09-25,53,1235616.84,5513
2024-09-26,49,1152802.71,5355
2024-09-27,57,1500320.96,6694
2024-09-28,59,1133936.82,5665
2024-09-29,46,1065851.81,5088
2024-09-30,46,963211.08,4560
2024-10-01,43,991394.46,4371
2024-10-02,50,914385.92,4707
2024-10-03,42,756558.63,4247
2024-10-04,44,984040.16,5167
2024-10-05,53,1132821.49,5412
2024-10-06,44,933815.82,4577
2024-10-07,50,956200.39,4677
2024-10-08,64,1647966.04,7203
2024-10-09,39,791163.51,3808
2024-10-10,47,879988.27,4512
2024-10-11,50,933065.51,4971
2024-10-12,42,854568.28,3956
2024-10-13,42,654776.05,3372
2024-10-14,52,1044942.2,5277
2024-10-15,63,1364658.37,6088
2024-10-16,40,935935.46,4014
2024-10-17,39,758411.37,3700
2024-10-18,43,1032198.03,5024
2024-10-19,49,985163.27,4835
2024-10-20,53,1219574.61,5261
2024-10-21,49,1004411.93,5064
2024-10-22,38,933211.78,4310
2024-10-23,50,957870.22,4847
2024-10-24,41,896173.47,3881
2024-10-25,35,806026.78,3486
2024-10-26,43,983924.92,4179
2024-10-27,46,1026921.77,4717
2024-10-28,55,1025856.35,5149
2024-10-29,46,974067.64,4479
2024-10-30,44,892148.28,4410
2024-10-31,40,888622.91,4008
2024-11-01,38,880332.66,4331
2024-11-02,56,1115255.43,5913
2024-11-03,46,1124284.15,4661
2024-11-04,47,853829.4400000001,4053
2024-11-05,50,1026797.16,4462
2024-11-06,47,1118385.4,4858
2024-11-07,55,1266444.54,5775
2024-11-08,42,942092.77,4282
2024-11-09,42,950865.75,4175
2024-11-10,45,1080890.1199999999,4501
2024-11-11,40,827675.17,4042
2024-11-12,69,1303891.68,6578
2024-11-13,54,1243177.31,5515
2024-11-14,38,703765.1,3161
2024-11-15,55,1364332.31,5988
2024-11-16,44,841245.9500000001,4114
2024-11-17,31,599155.3099999999,2929
2024-11-18,34,770574.39,3804
2024-11-19,45,742047.94,4107
2024-11-20,47,1097428.67,5263
2024-11-21,40,837254.85,3913
2024-11-22,43,911783.8300000001,4401
2024-11-23,41,814947.01,3967
2024-11-24,41,803654.62,3642
2024-11-25,51,825575.68,4613
2024-11-26,51,831875.62,4276
2024-11-27,38,750824.22,3965
2024-11-28,44,977113.88,4439
2024-11-29,49,1172983.6099999999,5270
2024-11-30,46,868709.62,4106
2024-12-01,51,1160587.12,5238
2024-12-02,49,1069280.8,4873
2024-12-03,41,860566.29,4087
2024-12-04,51,1012831.9299999999,4630
2024-12-05,62,1428249.6300000001,6108
2024-12-06,59,1134056.52,5262
2024-12-07,49,998517.94,4519
2024-12-08,34,812934.54,3952
2024-12-09,45,719007.97,3631
2024-12-10,35,719150.48,3082
2024-12-11,41,827440.98,3621
2024-12-12,37,684172.22,3428
2024-12-13,40,932694.0,3968
2024-12-14,44,912147.86,4405
2024-12-15,58,1300701.06,6587
2024-12-16,30,747362.75,2998
2024-12-17,43,937635.94,4459
2024-12-18,48,814310.74,4201
2024-12-19,43,956561.04,4388
2024-12-20,34,717060.17,3872
2024-12-21,53,1219264.1300000001,5620
2024-12-22,45,959407.07,4574
2024-12-23,36,829674.7,3573
2024-12-24,29,705533.33,3130
2024-12-25,44,852771.69,3655
2024-12-26,39,780702.03,3705
2024-12-27,45,1000473.74,4505
2024-12-28,53,1227079.8800000001,5212
2024-12-29,30,678750.06,3126
2024-12-30,29,637742.88,3009
2024-12-31,56,1263935.79,6122
2025-01-01,42,895881.68,3937
2025-01-02,43,939740.32,4145
2025-01-03,50,997596.8,4449
2025-01-04,45,774526.52,4114
2025-01-05,39,937805.03,4201
2025-01-06,49,1043497.66,5019
2025-01-07,52,1020722.72,4509
2025-01-08,48,1019204.06,4824
2025-01-09,35,598342.14,3130
2025-01-10,34,717179.1900000001,3620
2025-01-11,41,844811.38,4125
2025-01-12,39,987857.81,3910
2025-01-13,45,1065864.0,4648
2025-01-14,40,775079.78,3562
2025-01-15,42,826518.44,4167
2025-01-16,50,1089263.27,4839
2025-01-17,44,1089247.11,4868
2025-01-18,42,927313.64,3853
2025-01-19,40,729037.74,3586
2025-01-20,39,872722.38,3624
2025-01-21,43,888569.32,4474
2025-01-22,44,920511.6799999999,4554
2025-01-23,44,909664.17,4488
2025-01-24,34,795520.31,3818
2025-01-25,54,1249819.85,5416
2025-01-26,46,1016871.49,4810
2025-01-27,46,890207.58,4265
2025-01-28,43,1053218.27,4254
2025-01-29,40,832746.68,4066
2025-01-30,43,822737.96,4198
2025-01-31,35,722118.11,3589
2025-02-01,46,943759.5599999999,4804
2025-02-02,39,627933.46,3226
2025-02-03,45,773382.86,3833
2025-02-04,40,860781.52,4223
2025-02-05,55,1402058.22,6081
2025-02-06,44,824862.33,4305
2025-02-07,42,946604.56,4341
2025-02-08,47,1156106.57,5428
2025-02-09,38,943128.23,4087
2025-02-10,51,1089884.72,5400
2025-02-11,53,1275181.56,5678
2025-02-12,58,1443920.11,6709
2025-02-13,47,965596.19,4838
2025-02-14,53,1003731.66,4766
2025-02-15,52,1189058.43,5254
2025-02-16,50,916926.71,4417
2025-02-17,39,672628.61,3755
2025-02-18,47,902011.1,4916
2025-02-19,44,948508.82,4479
2025-02-20,56,1275001.03,6142
2025-02-21,40,935342.22,4038
2025-02-22,39,901442.46,4244
2025-02-23,42,766952.62,4083
2025-02-24,40,738325.98,3503
2025-02-25,52,934861.26,4731
2025-02-26,47,940844.71,4571
2025-02-27,42,788164.66,3684
2025-02-28,52,1092933.1300000001,5229
2025-03-01,57,1231084.72,6077
2025-03-02,43,842544.73,4063
2025-03-03,34,540688.66,2687
2025-03-04,60,1329405.18,6114
2025-03-05,36,807125.58,3662
2025-03-06,48,1094984.76,5089
2025-03-07,46,982600.52,4719
2025-03-08,47,907216.41,4495
2025-03-09,50,1290201.23,5670
2025-03-10,46,1079287.38,4289
2025-03-11,48,1026813.13,5128
2025-03-12,44,861657.24,4415
2025-03-13,40,956866.63,3923
2025-03-14,37,782311.87,3849
2025-03-15,38,742914.24,3776
2025-03-16,53,1162209.28,5290
2025-03-17,41,930663.61,4147
2025-03-18,43,800884.32,3919
2025-03-19,36,889388.93,3644
2025-03-20,53,1284346.44,5998
2025-03-21,45,870141.62,4207
2025-03-22,42,868606.13,4282
2025-03-23,42,984858.49,4213
2025-03-24,48,1104911.14,5445
2025-03-25,44,910901.45,4418
2025-03-26,36,694575.62,3872
2025-03-27,41,695839.26,3582
2025-03-28,47,1059971.3,5225
2025-03-29,43,969373.7,4318
2025-03-30,47,1168435.84,5477
2025-03-31,42,905309.26,4563
2025-04-01,44,928078.75,4607
2025-04-02,43,953436.22,4263
2025-04-03,52,1180376.16,6014
2025-04-04,43,939761.45,4926
2025-04-05,43,1034034.68,4382
2025-04-06,55,1128329.46,5712
2025-04-07,39,1014530.6900000001,4551
2025-04-08,50,969350.52,5006
2025-04-09,29,558489.39,2629
2025-04-10,43,1062068.75,4452
2025-04-11,55,962440.05,5053
2025-04-12,48,1177028.13,5584
2025-04-13,41,787598.56,3512
2025-04-14,40,884487.1799999999,4326
2025-04-15,44,976698.4299999999,4037
2025-04-16,46,843467.49,4059
2025-04-17,36,711140.56,3121
2025-04-18,37,868593.82,3809
2025-04-19,61,952069.46,5444
2025-04-20,55,1142748.76,5379
2025-04-21,50,1022509.03,4908
2025-04-22,34,675597.5499999999,3026
2025-04-23,48,1068789.27,5349
2025-04-24,51,909835.97,4507
2025-04-25,46,891712.6900000001,4886
2025-04-26,44,892473.52,4851
2025-04-27,47,962629.99,4610
2025-04-28,38,824336.84,3760
2025-04-29,51,1126894.83,5446
2025-04-30,44,910328.54,4029
2025-05-01,36,722992.98,3550
2025-05-02,46,1043122.02,4937
2025-05-03,46,1130196.33,5014
2025-05-04,41,1039365.57,4331
2025-05-05,51,1136683.36,5258
2025-05-06,41,714815.1,3758
2025-05-07,38,753581.44,3759
2025-05-08,51,1103645.61,4999
2025-05-09,51,1068269.83,5278
2025-05-10,41,912137.12,4841
2025-05-11,57,965615.22,5100
2025-05-12,35,953310.51,3927
2025-05-13,44,1003457.87,4375
2025-05-14,48,1024349.66,4568
2025-05-15,46,857396.86,4107
2025-05-16,62,1313888.69,5837
2025-05-17,43,1128962.16,5009
2025-05-18,45,936982.49,4656
2025-05-19,54,1083449.18,5344
2025-05-20,51,1036428.33,5665
2025-05-21,52,1016890.99,4815
2025-05-22,46,946144.57,4339
2025-05-23,43,875142.95,4157
2025-05-24,49,1113993.3,5332
2025-05-25,49,1042710.4400000001,4706
2025-05-26,40,917074.56,4193
2025-05-27,57,1281597.1,6284
2025-05-28,44,861008.3099999999,4524
2025-05-29,33,758068.96,3644
2025-05-30,49,984129.14,4339
2025-05-31,51,1154543.05,5474
2025-06-01,51,961992.99,5043
2025-06-02,46,1191675.1300000001,5393
2025-06-03,41,811991.84,4315
2025-06-04,61,1467137.8900000001,6608
2025-06-05,34,840590.26,4252
2025-06-06,42,895957.18,4441
2025-06-07,48,1048126.64,4874
2025-06-08,48,889640.91,3973
2025-06-09,65,1280317.12,6564
2025-06-10,42,750413.44,3623
2025-06-11,54,1237682.21,5251
2025-06-12,38,758755.49,3418
2025-06-13,39,766295.28,3654
2025-06-14,56,1170039.96,5517
2025-06-15,44,929057.49,4475
2025-06-16,59,1143459.52,5694
2025-06-17,43,955033.13,4410
2025-06-18,40,880268.24,3560
2025-06-19,48,957339.24,4393
2025-06-20,52,1024654.89,5093
2025-06-21,55,1006205.6,5102
2025-06-22,48,1150710.04,5363
2025-06-23,45,1150543.77,5432
2025-06-24,30,701920.99,3248
2025-06-25,40,664927.53,3389
2025-06-26,54,942822.96,4885
2025-06-27,46,1109993.34,5345
2025-06-28,46,961820.42,4840
2025-06-29,46,892865.74,4669
2025-06-30,47,953027.97,4737
2025-07-01,43,917880.1,4255
2025-07-02,50,982198.52,4525
2025-07-03,39,850325.16,4102
2025-07-04,47,897982.64,4442
2025-07-05,47,1163364.32,4573
2025-07-06,35,713555.82,3494
2025-07-07,39,933315.84,3957
2025-07-08,47,1267384.22,5303
2025-07-09,62,1124808.71,5738
2025-07-10,60,1269407.42,5632
2025-07-11,47,898217.71,4564
2025-07-12,54,1106117.61,5675
2025-07-13,44,914598.57,4548
2025-07-14,33,830677.82,3548
2025-07-15,43,827327.23,4210
2025-07-16,49,1234957.65,5442
2025-07-17,40,893044.45,4410
2025-07-18,31,713116.84,3665
2025-07-19,60,1493211.23,6510
2025-07-20,44,1093859.91,4845
2025-07-21,46,1054612.62,4744
2025-07-22,46,854632.07,4248
2025-07-23,31,595816.26,2975
2025-07-24,34,489424.24,2378
2025-07-25,48,1206410.2,4895
2025-07-26,44,1073132.76,5141
2025-07-27,41,917883.73,4314
2025-07-28,47,918508.51,4861
2025-07-29,47,1054475.83,4818
2025-07-30,36,764896.05,3928
2025-07-31,56,937044.73,5109
2025-08-01,42,1078537.65,4614
2025-08-02,42,739108.31,4264
2025-08-03,44,841231.5700000001,3766
2025-08-04,45,958018.43,4529
2025-08-05,47,1111693.96,5404
2025-08-06,51,1052788.67,4758
2025-08-07,47,972138.06,4550
2025-08-08,38,678088.23,3457
2025-08-09,37,696093.24,3153
2025-08-10,38,810927.38,3785
2025-08-11,60,1041105.13,5366
2025-08-12,53,1188288.03,5141
2025-08-13,47,1095787.95,5290
2025-08-14,56,1268418.68,6181
2025-08-15,54,1024577.68,5307
2025-08-16,42,836895.7,3704
2025-08-17,25,465443.73,2356
2025-08-18,46,1002684.04,4655
2025-08-19,54,1043072.04,5394
2025-08-20,41,828832.94,4193
2025-08-21,54,979058.3099999999,4647
2025-08-22,44,928787.51,4453
2025-08-23,44,967286.35,4605
2025-08-24,38,712798.02,3522
2025-08-25,41,953775.98,4280
2025-08-26,43,808567.42,3874
2025-08-27,36,745247.86,3791
2025-08-28,49,1107564.8,5235
2025-08-29,48,1039861.78,4695
2025-08-30,46,945497.67,4285
2025-08-31,54,1229112.73,5151
2025-09-01,45,1005278.55,4936
2025-09-02,47,1046278.72,4923
2025-09-03,44,898231.86,4530
2025-09-04,39,769310.86,3825
2025-09-05,31,555118.58,3005
2025-09-06,37,724434.13,3427
2025-09-07,38,725056.47,3227
2025-09-08,43,1120281.27,4396
2025-09-09,40,985598.21,4317
2025-09-10,47,913961.69,4536
2025-09-11,51,1038491.59,5531
2025-09-12,47,1122644.75,4747
2025-09-13,41,958924.62,4050
2025-09-14,52,1162814.47,5852
2025-09-15,40,898128.78,3794
2025-09-16,47,834829.19,4125
2025-09-17,54,1078010.1300000001,5462
2025-09-18,45,850077.24,4119
2025-09-19,43,837692.6,4029
2025-09-20,53,948352.6599999999,5067
2025-09-21,48,1092979.11,4985
2025-09-22,43,972790.36,4393
2025-09-23,48,912781.46,4417
2025-09-24,48,860919.3099999999,4471
2025-09-25,44,1073793.97,4972
2025-09-26,45,1028653.23,4770
2025-09-27,54,1261826.72,5560
2025-09-28,55,1202788.74,5731
2025-09-29,47,768627.78,4144
2025-09-30,43,946107.3099999999,4130
2025-10-01,46,846688.51,4505
2025-10-02,50,1096676.91,5202
2025-10-03,34,739290.19,3475
2025-10-04,42,967578.58,4956
2025-10-05,48,914504.8,4936
2025-10-06,50,998542.97,5200
2025-10-07,41,903755.17,4222
2025-10-08,44,1238910.48,4701
2025-10-09,50,1039995.2,5022
2025-10-10,34,722279.62,3419
2025-10-11,56,1081059.24,5860
2025-10-12,49,1071214.45,5244
2025-10-13,31,661103.67,3228
2025-10-14,50,1005336.35,5086
2025-10-15,51,1046153.6,4766
2025-10-16,52,958626.2,5499
2025-10-17,39,886913.61,4061
2025-10-18,53,1173196.53,5769
2025-10-19,54,1078103.85,5195
2025-10-20,57,1054715.61,5277
2025-10-21,51,965110.18,4600
2025-10-22,39,883899.68,4069
2025-10-23,40,936913.07,4375
2025-10-24,47,1070962.5,4802
2025-10-25,53,1114012.09,5661
2025-10-26,42,775642.07,3966
2025-10-27,53,949858.87,4765
2025-10-28,41,1013645.83,4719
2025-10-29,47,697496.92,4098
2025-10-30,59,1289577.94,6045
2025-10-31,46,910031.47,4330
2025-11-01,34,581159.86,3399
2025-11-02,46,1162652.28,5165
2025-11-03,43,711660.26,3751
2025-11-04,41,968964.39,4329
2025-11-05,50,1021455.0,4763
2025-11-06,38,802936.62,3751
2025-11-07,37,589838.19,3164
2025-11-08,38,654146.18,3076
2025-11-09,54,1266195.32,5440
2025-11-10,44,1027444.95,4411
2025-11-11,47,924362.66,4574
2025-11-12,43,918259.61,4368
2025-11-13,43,891768.68,4559
2025-11-14,49,1028347.07,5117
2025-11-15,62,1403228.36,6995
2025-11-16,48,1032303.63,4712
2025-11-17,43,969817.44,5277
2025-11-18,36,678360.7,3562
2025-11-19,35,728602.06,3486
2025-11-20,49,1047879.83,4887
2025-11-21,57,1015950.53,4738
2025-11-22,30,505912.27,2469
2025-11-23,29,612959.08,3180
2025-11-24,45,910315.28,4664
2025-11-25,46,1157035.69,4922
2025-11-26,53,1123375.34,5521
2025-11-27,43,746896.5,4190
2025-11-28,48,986697.14,4359
2025-11-29,35,780456.13,3937
2025-11-30,47,937425.16,4464
2025-12-01,52,979995.08,5058
2025-12-02,54,982014.61,4959
2025-12-03,43,1007561.29,4370
2025-12-04,42,868157.99,4330
2025-12-05,49,1213677.47,5212
2025-12-06,34,639576.5599999999,3092
2025-12-07,41,969348.8,4691
2025-12-08,46,968891.56,4480
2025-12-09,48,1306521.8800000001,5570
2025-12-10,41,811687.32,3798
2025-12-11,44,860604.55,4172
2025-12-12,48,865240.6799999999,4169
2025-12-13,42,1046092.66,4362
2025-12-14,44,913370.97,4390
2025-12-15,45,1097015.56,5268
2025-12-16,41,833273.8200000001,4008
2025-12-17,48,1132370.1400000001,4875
2025-12-18,34,806810.74,3819
2025-12-19,37,773458.11,3825
2025-12-20,45,968142.53,4537
2025-12-21,46,993767.24,5085
2025-12-22,42,875324.97,4199
2025-12-23,44,728689.29,3678
2025-12-24,47,898954.48,4820
2025-12-25,49,1152178.21,5327
2025-12-26,43,980960.3,4287
2025-12-27,44,1044250.97,4822
2025-12-28,33,550751.66,3103
2025-12-29,44,988960.56,4453
2025-12-30,50,988869.52,5014
