date,total_transaction_value,deposit_count
2020-01-01,43501.0,2
2020-01-14,27872.0,1
2020-01-16,7341.0,1
2020-01-18,9816.0,1
2020-01-19,2633.0,0
2020-01-20,47817.0,1
2020-01-21,93702.0,2
2020-01-22,6033.0,1
2020-01-23,52630.0,3
2020-01-25,47993.0,2
2020-01-26,6216.0,1
2020-01-30,12870.0,1
2020-02-01,6711.0,1
2020-02-06,26909.0,1
2020-02-08,1970.0,1
2020-02-10,56073.0,2
2020-02-12,43702.0,1
2020-02-15,20921.0,1
2020-02-16,89822.0,3
2020-02-17,34961.0,1
2020-02-20,33898.0,2
2020-02-23,54689.0,2
2020-02-25,44853.0,1
2020-02-26,34104.0,1
2020-02-28,10746.0,1
2020-02-29,9436.0,1
2020-03-01,2411.0,1
2020-03-02,34644.0,1
2020-03-03,29619.0,1
2020-03-04,2553.0,0
2020-03-05,70948.0,2
2020-03-07,2250.0,0
2020-03-10,34944.0,1
2020-03-11,46153.0,1
2020-03-14,9574.0,1
2020-03-15,37714.0,1
2020-03-21,33914.0,2
2020-03-22,20765.0,1
2020-03-26,31023.0,1
2020-03-27,75485.0,2
2020-03-28,78947.0,3
2020-03-31,4926.0,0
2020-04-02,50769.0,2
2020-04-07,34262.0,1
2020-04-09,23352.0,1
2020-04-10,9305.0,1
2020-04-11,69815.0,2
2020-04-12,6513.0,1
2020-04-14,791.0,0
2020-04-16,15084.0,2
2020-04-19,2107.0,0
2020-04-20,30787.0,1
2020-04-25,30821.0,1
2020-04-26,731.0,0
2020-04-27,9840.0,1
2020-04-29,47940.0,1
2020-04-30,605.0,0
2020-05-01,64424.0,2
2020-05-02,11585.0,1
2020-05-03,1882.0,0
2020-05-04,37096.0,2
2020-05-07,8588.0,1
2020-05-08,45553.0,1
2020-05-09,40745.0,1
2020-05-10,4506.0,0
2020-05-11,48758.0,1
2020-05-19,2485.0,0
2020-05-21,1827.0,0
2020-05-25,19726.0,1
2020-05-26,33998.0,1
2020-05-27,44094.0,1
2020-05-28,10694.0,1
2020-05-29,18307.0,1
2020-05-30,29107.0,2
2020-05-31,32925.0,1
2020-06-01,5724.0,1
2020-06-03,30843.0,1
2020-06-04,25530.0,2
2020-06-05,3322.0,1
2020-06-09,7531.0,1
2020-06-10,20158.0,1
2020-06-15,30387.0,2
2020-06-18,7675.0,1
2020-06-19,41370.0,1
2020-06-21,15918.0,1
2020-06-22,15056.0,1
2020-06-24,47111.0,1
2020-06-25,20708.0,2
2020-07-01,24375.0,1
2020-07-02,6147.0,1
2020-07-03,41563.0,1
2020-07-04,7184.0,1
2020-07-05,6481.0,1
2020-07-06,35655.0,1
2020-07-07,9226.0,1
2020-07-08,54927.0,2
2020-07-09,33261.0,2
2020-07-11,31965.0,1
2020-07-13,3588.0,0
2020-07-14,16169.0,1
2020-07-15,62485.0,3
2020-07-18,3513.0,0
2020-07-19,3547.0,1
2020-07-20,29445.0,3
2020-07-22,30663.0,1
2020-07-24,44271.0,3
2020-07-28,18209.0,2
2020-07-29,38240.0,1
2020-07-30,18529.0,1
2020-08-01,43186.0,1
2020-08-02,22442.0,1
2020-08-05,7955.0,1
2020-08-06,8736.0,1
2020-08-08,8910.0,1
2020-08-09,24556.0,1
2020-08-12,15081.0,1
2020-08-14,67214.0,3
2020-08-17,9462.0,1
2020-08-20,5573.0,1
2020-08-21,43289.0,1
2020-08-23,53818.0,2
2020-08-25,47269.0,1
2020-09-01,1329.0,0
2020-09-02,38272.0,2
2020-09-03,5836.0,1
2020-09-05,93377.0,3
2020-09-07,1650.0,0
2020-09-08,13326.0,0
2020-09-10,49545.0,2
2020-09-11,22547.0,3
2020-09-12,10020.0,1
2020-09-13,33946.0,1
2020-09-14,40857.0,1
2020-09-15,1764.0,0
2020-09-16,57430.0,2
2020-09-17,5443.0,1
2020-09-18,1168.0,0
2020-09-19,4481.0,1
2020-09-21,35993.0,2
2020-09-24,3830.0,0
2020-09-25,8916.0,1
2020-09-26,20369.0,1
2020-09-27,29721.0,2
2020-09-28,22337.0,2
2020-09-29,37469.0,1
2020-09-30,8791.0,2
2020-10-04,18610.0,1
2020-10-07,35420.0,1
2020-10-08,13480.0,2
2020-10-09,18156.0,1
2020-10-10,4466.0,0
2020-10-12,2447.0,0
2020-10-13,2553.0,0
2020-10-14,38579.0,1
2020-10-17,3716.0,0
2020-10-18,55963.0,3
2020-10-19,3254.0,0
2020-10-20,5113.0,1
2020-10-21,5851.0,1
2020-10-22,4457.0,0
2020-10-23,16509.0,1
2020-10-24,19076.0,1
2020-10-25,55575.0,2
2020-10-26,3831.0,0
2020-10-27,3985.0,1
2020-10-28,1988.0,1
2020-10-30,8450.0,0
2020-11-01,47539.0,1
2020-11-02,44467.0,1
2020-11-05,80691.0,2
2020-11-07,11352.0,1
2020-11-08,4109.0,0
2020-11-09,6721.0,1
2020-11-12,49323.0,2
2020-11-14,64315.0,5
2020-11-15,6091.0,1
2020-11-16,4237.0,0
2020-11-18,2765.0,1
2020-11-19,49595.0,1
2020-11-20,74052.0,2
2020-11-21,37140.0,2
2020-11-22,8128.0,1
2020-11-23,83019.0,3
2020-11-27,9707.0,2
2020-11-29,46040.0,3
2020-12-02,42996.0,1
2020-12-05,2650.0,1
2020-12-06,48910.0,1
2020-12-09,1359.0,0
2020-12-11,42110.0,2
2020-12-12,544.1599999999999,0
2020-12-13,3037.0,0
2020-12-15,94050.0,3
2020-12-16,86747.0,2
2020-12-18,7664.0,0
2020-12-19,3532.0,1
2020-12-20,12621.0,2
2020-12-21,15047.408,1
2020-12-22,20284.0,1
2020-12-23,36626.0,1
2020-12-24,3561.0,0
2020-12-26,636.0,0
2020-12-27,11719.0,1
2020-12-28,4984.0,1
2020-12-29,11440.0,1
2020-12-30,13777.0,2
2020-12-31,14164.0,2
2021-01-01,5076.0,1
2021-01-02,22017.0,1
2021-01-03,3551.0,0
2021-01-04,5171.0,1
2021-01-05,44205.0,1
2021-01-06,4755.0,0
2021-01-07,41092.0,1
2021-01-08,20851.0,1
2021-01-09,2999.0,0
2021-01-11,26248.0,1
2021-01-12,13677.0,1
2021-01-13,36182.0,1
2021-01-14,7232.0,1
2021-01-15,21397.0,1
2021-01-16,5903.0,0
2021-01-17,45975.0,2
2021-01-18,39894.0,1
2021-01-19,3082.0,0
2021-01-20,3428.0,2
2021-01-21,1162.0,0
2021-01-22,3023.0,0
2021-01-23,45782.0,2
2021-01-24,3415.0,1
2021-01-27,1576.0,1
2021-01-28,11227.0,1
2021-01-31,26109.0,1
2021-02-01,4471.0,0
2021-02-03,5840.0,1
2021-02-04,3692.0,1
2021-02-05,495.0,0
2021-02-07,27186.0,1
2021-02-08,10203.0,1
2021-02-09,8157.0,1
2021-02-10,3992.0,1
2021-02-13,1335.0,2
2021-02-14,90782.0,2
2021-02-15,2449.0,0
2021-02-16,17664.0,2
2021-02-18,466.0,0
2021-02-20,10632.0,1
2021-02-22,644.0,0
2021-02-23,4753.0,0
2021-02-24,46240.0,1
2021-02-25,801.0,0
2021-02-26,5952.0,1
2021-02-27,44623.0,1
2021-02-28,3422.0,0
2021-03-02,6584.0,1
2021-03-03,4961.0,0
2021-03-05,12453.0,1
2021-03-06,14458.0,2
2021-03-07,3648.0,0
2021-03-08,236.0,1
2021-03-09,35398.0,1
2021-03-10,9381.0,1
2021-03-12,4836.0,0
2021-03-14,18066.0,2
2021-03-15,34303.0,2
2021-03-16,18234.0,2
2021-03-17,30620.0,3
2021-03-18,4883.0,0
2021-03-19,3661.0,0
2021-03-20,65398.0,2
2021-03-21,4576.0,0
2021-03-22,51918.0,3
2021-03-23,4044.0,1
2021-03-26,5214.0,1
2021-03-29,9819.0,1
2021-03-30,595.0,0
2021-03-31,4349.0,1
2021-04-01,47486.681599999996,1
2021-04-02,13725.0,2
2021-04-03,10329.0,1
2021-04-04,36127.0,3
2021-04-07,2445.0,0
2021-04-09,1298.0,1
2021-04-10,3161.0,0
2021-04-11,8092.0,1
2021-04-12,22686.0,1
2021-04-13,5180.0,1
2021-04-14,8477.0,1
2021-04-15,32983.0,1
2021-04-17,7663.0,1
2021-04-19,84999.0,2
2021-04-20,7990.0,1
2021-04-21,3291.0,1
2021-04-22,664.3199999999999,0
2021-04-23,4913.0,0
2021-04-24,51536.0,2
2021-04-25,20671.0,1
2021-04-26,5370.0,0
2021-04-27,101234.0,3
2021-04-28,6549.0,0
2021-04-29,6535.0,2
2021-04-30,46757.0,1
2021-05-01,113657.0,3
2021-05-02,12453.0,1
2021-05-03,53230.0,2
2021-05-04,13209.0,2
2021-05-06,14807.0,3
2021-05-07,9906.0,1
2021-05-08,4445.0,0
2021-05-09,42875.0,2
2021-05-10,43928.0,2
2021-05-12,4296.0,0
2021-05-14,4695.0,1
2021-05-16,3084.0,1
2021-05-17,19005.0,1
2021-05-18,3833.0,1
2021-05-19,12206.0,1
2021-05-20,30495.0,2
2021-05-22,3646.0,0
2021-05-23,2733.0,1
2021-05-24,10052.0,1
2021-05-25,21593.0,2
2021-05-26,3335.2000000000003,0
2021-05-27,2418.0,0
2021-05-29,6527.0,1
2021-05-30,73625.0,3
2021-05-31,29685.0,1
2021-06-02,7906.0,2
2021-06-03,175.0,1
2021-06-04,19096.0,2
2021-06-05,8069.0,1
2021-06-06,99776.0,3
2021-06-07,15381.0,2
2021-06-09,44580.0,1
2021-06-10,3479.0,1
2021-06-11,9343.0,1
2021-06-12,23565.0,1
2021-06-13,9436.0,2
2021-06-14,3987.0,0
2021-06-17,2285.0,0
2021-06-18,67373.0,3
2021-06-19,3881.0,1
2021-06-20,50068.0,1
2021-06-21,6636.0,1
2021-06-22,42913.0,2
2021-06-24,17107.0,1
2021-06-25,108957.0,3
2021-06-26,35730.0,3
2021-06-27,1727.0,1
2021-06-28,72829.0,4
2021-06-29,21314.0,2
2021-06-30,5191.0,0
2021-07-02,5728.0,1
2021-07-03,15116.0,2
2021-07-04,1929.0,0
2021-07-05,10405.0,2
2021-07-06,11922.0,3
2021-07-07,37894.0,2
2021-07-08,43192.0,3
2021-07-09,6964.0,1
2021-07-10,31835.0,1
2021-07-11,6124.0,1
2021-07-12,1374.6000000000001,0
2021-07-13,8480.0,1
2021-07-14,21013.0,2
2021-07-15,13099.0,1
2021-07-17,54234.0,2
2021-07-18,41603.0,2
2021-07-19,43937.0,2
2021-07-20,60351.0,3
2021-07-21,5427.0,1
2021-07-22,29368.0,1
2021-07-23,16971.0,1
2021-07-24,4781.0,0
2021-07-27,3371.0,1
2021-07-28,8365.0,1
2021-07-29,121267.0,5
2021-07-30,53648.0,4
2021-07-31,27553.0,1
2021-08-01,23943.0,1
2021-08-02,9518.0,1
2021-08-03,20528.0,2
2021-08-05,2388.0,1
2021-08-06,2956.0,1
2021-08-07,7617.0,0
2021-08-08,637.0,0
2021-08-09,37998.0,1
2021-08-10,444.0,0
2021-08-11,16133.0,1
2021-08-12,11149.0,2
2021-08-13,2709.0,0
2021-08-14,4642.0,1
2021-08-16,11094.0,2
2021-08-17,45156.0,1
2021-08-18,58570.0,5
2021-08-19,8797.0,1
2021-08-20,8676.0,2
2021-08-21,8921.0,4
2021-08-22,37251.0,4
2021-08-23,7875.0,1
2021-08-24,885.0,0
2021-08-25,44948.0,2
2021-08-26,24253.0,3
2021-08-27,14015.0,2
2021-08-28,41100.0,4
2021-08-29,2039.0,0
2021-08-30,6303.0,1
2021-08-31,56282.0,2
2021-09-01,7452.0,0
2021-09-02,48155.0,3
2021-09-03,72547.0,2
2021-09-04,6645.0,1
2021-09-06,7099.0,1
2021-09-07,6079.0,1
2021-09-08,7217.0,1
2021-09-09,59110.0,2
2021-09-10,15267.0,1
2021-09-11,2555.0,0
2021-09-13,46138.0,1
2021-09-14,6700.0,1
2021-09-15,4378.0,0
2021-09-16,43653.0,1
2021-09-17,30324.0,3
2021-09-19,22314.0,2
2021-09-20,45038.0,1
2021-09-21,536.0,1
2021-09-22,17530.0,4
2021-09-24,4024.0,1
2021-09-25,14207.0,2
2021-09-27,11675.0,1
2021-09-28,22666.0,2
2021-09-29,15849.0,2
2021-09-30,15922.0,1
2021-10-01,36994.0,1
2021-10-02,9531.0,1
2021-10-03,10954.0,1
2021-10-04,8000.0,1
2021-10-05,8121.0,1
2021-10-06,6351.0,1
2021-10-07,3239.0,1
2021-10-09,16313.0,2
2021-10-11,8063.0,0
2021-10-12,12576.0,1
2021-10-13,51606.0,5
2021-10-14,5360.0,0
2021-10-15,26778.0,4
2021-10-16,14598.0,2
2021-10-17,9536.0,1
2021-10-19,8336.0,1
2021-10-20,21536.0,1
2021-10-21,15310.0,2
2021-10-22,16030.0,2
2021-10-23,10187.0,1
2021-10-24,9553.0,1
2021-10-25,50383.0,4
2021-10-26,14521.0,2
2021-10-27,12252.0,2
2021-10-28,8396.0,1
2021-10-29,18241.0,2
2021-10-31,20328.0,1
2021-11-01,1538.0,1
2021-11-02,10236.0,1
2021-11-03,11541.0,1
2021-11-04,4217.0,1
2021-11-05,703.0,1
2021-11-06,11277.0,2
2021-11-07,12611.0,1
2021-11-08,93734.0,3
2021-11-09,41770.0,2
2021-11-11,77329.0,3
2021-11-12,83696.0,2
2021-11-14,5507.0,1
2021-11-15,10491.0,1
2021-11-16,50773.0,3
2021-11-17,10482.0,1
2021-11-18,11335.0,1
2021-11-19,13105.0,2
2021-11-20,19445.0,1
2021-11-21,9595.0,0
2021-11-22,4356.0,0
2021-11-23,36218.0,1
2021-11-24,3784.0,1
2021-11-25,8094.0,0
2021-11-26,6535.0,2
2021-11-27,3269.0,0
2021-11-28,41877.0,2
2021-11-29,4673.0,0
2021-12-01,8115.0,1
2021-12-02,46512.0,2
2021-12-03,32582.0,1
2021-12-04,2205.0,1
2021-12-05,1492.0,1
2021-12-06,801.0,1
2021-12-07,10472.0,2
2021-12-08,47289.0,1
2021-12-10,303.0,0
2021-12-12,20602.0,3
2021-12-13,45074.0,1
2021-12-14,20982.0,3
2021-12-15,48322.0,1
2021-12-16,39801.0,2
2021-12-17,3106.0,0
2021-12-19,14015.0,2
2021-12-20,1219.0,0
2021-12-21,12893.0,1
2021-12-23,60201.0,2
2021-12-24,6340.0,1
2021-12-25,18502.0,2
2021-12-26,17132.0,2
2021-12-28,12528.0,1
2021-12-29,15086.0,2
2022-01-01,13041.0,1
2022-01-02,1328.0,0
2022-01-03,2012.0,0
2022-01-06,35744.0,1
2022-01-07,4192.0,1
2022-01-08,10193.0,1
2022-01-09,10226.0,0
2022-01-10,37446.0,2
2022-01-11,7106.0,2
2022-01-12,13224.0,1
2022-01-13,1682.0,0
2022-01-14,7554.0,1
2022-01-15,6365.0,1
2022-01-16,8479.0,1
2022-01-18,7449.0,1
2022-01-19,4361.0,1
2022-01-20,16739.0,1
2022-01-21,41502.0,2
2022-01-22,1826.0,0
2022-01-23,1544.0,0
2022-01-25,28877.0,4
2022-01-26,22375.0,3
2022-01-27,30953.0,2
2022-01-28,10437.0,1
2022-01-29,20062.0,3
2022-01-30,17813.0,1
2022-02-01,12483.0,1
2022-02-02,1569.0,0
2022-02-03,39734.0,2
2022-02-04,41667.0,1
2022-02-05,4138.0,1
2022-02-06,8798.0,1
2022-02-07,6908.0,2
2022-02-08,29938.0,4
2022-02-09,13486.0,1
2022-02-10,28236.0,1
2022-02-11,73564.0,3
2022-02-12,42719.0,1
2022-02-13,50269.0,1
2022-02-14,17298.0,2
2022-02-15,11038.0,1
2022-02-16,45347.0,1
2022-02-17,3979.0,0
2022-02-18,45567.0,5
2022-02-19,25517.0,2
2022-02-20,6926.0,1
2022-02-22,59049.0,5
2022-02-23,4694.0,0
2022-02-24,7898.0,1
2022-02-25,6875.0,0
2022-02-27,5852.0,1
2022-02-28,16392.0,3
2022-03-01,1038.0,0
2022-03-02,30740.0,1
2022-03-03,9178.0,1
2022-03-05,4516.0,0
2022-03-06,1070.0,0
2022-03-07,413.0,0
2022-03-08,1532.0,2
2022-03-09,1068.0,0
2022-03-10,2596.0,0
2022-03-11,8810.0,1
2022-03-12,22166.0,2
2022-03-13,5691.0,1
2022-03-14,67111.0,4
2022-03-15,56383.0,3
2022-03-16,6652.0,1
2022-03-17,11940.0,1
2022-03-18,13713.0,0
2022-03-19,28811.0,3
2022-03-20,76939.0,3
2022-03-21,56357.0,2
2022-03-23,4028.0,1
2022-03-24,9870.0,1
2022-03-25,16936.0,2
2022-03-26,6017.0,2
2022-03-27,6215.0,0
2022-03-28,11289.0,1
2022-03-30,41897.0,2
2022-03-31,43169.0,2
2022-04-01,4183.0,1
2022-04-02,8723.0,1
2022-04-03,40898.0,1
2022-04-04,7938.0,1
2022-04-05,10472.0,1
2022-04-06,7457.0,1
2022-04-07,3557.0,0
2022-04-09,3865.0,0
2022-04-10,32081.0,2
2022-04-11,58026.0,1
2022-04-12,46283.0,1
2022-04-13,4835.0,0
2022-04-14,242.0,1
2022-04-17,7180.0,0
2022-04-18,24755.0,1
2022-04-19,65682.0,3
2022-04-20,24759.0,2
2022-04-22,38105.0,1
2022-04-23,39318.0,1
2022-04-24,12894.0,2
2022-04-25,96525.0,2
2022-04-26,42931.0,2
2022-04-27,16958.0,1
2022-04-28,9539.0,1
2022-04-29,198.0,0
2022-05-01,45246.0,2
2022-05-02,6557.0,1
2022-05-03,28818.0,3
2022-05-04,18490.0,1
2022-05-05,28666.0,3
2022-05-06,8220.0,2
2022-05-07,4847.0,1
2022-05-09,9436.0,1
2022-05-10,1897.0,0
2022-05-12,4091.0,1
2022-05-13,8346.0,1
2022-05-14,2732.0,0
2022-05-15,18844.0,2
2022-05-16,680.0,0
2022-05-17,18420.0,1
2022-05-18,56546.0,7
2022-05-19,5784.0,1
2022-05-20,3063.0,0
2022-05-21,5889.0,0
2022-05-22,49411.0,1
2022-05-23,6962.0,1
2022-05-24,310.0,0
2022-05-25,1241.0,0
2022-05-26,18227.0,2
2022-05-27,7999.0,1
2022-05-28,56322.0,4
2022-05-29,7620.0,2
2022-05-30,3885.0,0
2022-05-31,8332.0,1
2022-06-01,2913.0,0
2022-06-02,604.0,0
2022-06-03,36139.0,3
2022-06-04,26132.0,1
2022-06-05,16486.0,2
2022-06-07,14523.0,1
2022-06-08,15618.0,2
2022-06-09,4264.0,2
2022-06-10,2450.0,0
2022-06-11,12779.0,2
2022-06-12,25723.0,2
2022-06-13,14390.0,3
2022-06-14,1677.0,0
2022-06-15,39701.4,2
2022-06-16,23919.0,2
2022-06-17,3373.0,1
2022-06-18,51534.0,1
2022-06-19,4830.0,1
2022-06-20,17987.0,2
2022-06-21,12125.0,2
2022-06-22,56289.0,3
2022-06-23,13591.2,2
2022-06-24,2498.0,0
2022-06-26,3630.0,0
2022-06-28,62011.0,4
2022-06-29,3957.0,0
2022-06-30,55907.0,1
2022-07-01,8298.0,1
2022-07-02,1081.0,0
2022-07-03,95342.0,4
2022-07-04,7155.0,1
2022-07-05,7174.0,0
2022-07-06,13778.0,2
2022-07-07,12658.0,1
2022-07-08,3125.0,0
2022-07-09,7912.0,1
2022-07-10,50012.0,1
2022-07-11,3932.0,0
2022-07-12,61960.0,2
2022-07-13,9406.0,1
2022-07-14,894.0,0
2022-07-15,2444.0,0
2022-07-16,29891.0,1
2022-07-17,14011.0,1
2022-07-18,1167.0,1
2022-07-19,6449.0,2
2022-07-20,10223.0,2
2022-07-21,8278.0,1
2022-07-22,92011.0,5
2022-07-23,2501.0,1
2022-07-24,7196.24,1
2022-07-25,25288.0,1
2022-07-26,2916.0,0
2022-07-27,791.0,0
2022-07-28,4210.0,1
2022-07-29,27905.0,3
2022-07-30,9860.0,1
2022-07-31,13717.0,1
2022-08-01,20437.0,2
2022-08-02,30603.0,2
2022-08-03,14676.0,3
2022-08-04,401.0,0
2022-08-05,8104.0,2
2022-08-06,8723.0,1
2022-08-07,13424.0,1
2022-08-08,22055.0,3
2022-08-09,7368.0,0
2022-08-10,14198.0,1
2022-08-11,11393.0,1
2022-08-12,36050.0,5
2022-08-13,1964.0,0
2022-08-14,8743.0,1
2022-08-15,13050.0,2
2022-08-16,72646.0,4
2022-08-17,21683.0,3
2022-08-19,77669.0,3
2022-08-20,31018.0,2
2022-08-21,43993.0,2
2022-08-22,12851.0,2
2022-08-23,34240.0,2
2022-08-24,46518.0,2
2022-08-25,8611.0,0
2022-08-26,12668.0,2
2022-08-27,22597.0,3
2022-08-28,2759.0,0
2022-08-29,5314.0,1
2022-08-30,10157.0,0
2022-09-01,39109.0,1
2022-09-02,7305.0,1
2022-09-03,8405.0,1
2022-09-04,6917.0,0
2022-09-05,47478.0,2
2022-09-06,17509.0,2
2022-09-07,24571.0,2
2022-09-08,51325.0,2
2022-09-09,2005.0,0
2022-09-10,5156.0,1
2022-09-11,70323.0,3
2022-09-12,11531.0,1
2022-09-13,18698.0,1
2022-09-14,30188.0,1
2022-09-15,31733.0,3
2022-09-16,40075.0,2
2022-09-17,11661.0,1
2022-09-18,17287.0,3
2022-09-19,7400.0,1
2022-09-20,18265.0,3
2022-09-21,32039.0,1
2022-09-23,5173.0,0
2022-09-24,46349.0,2
2022-09-25,13499.0,2
2022-09-26,783.0,0
2022-09-27,60949.0,3
2022-09-28,3501.0,0
2022-09-30,7004.0,2
2022-10-01,49224.0,4
2022-10-02,3858.0,0
2022-10-03,7062.0,1
2022-10-04,47745.0,5
2022-10-05,21254.0,3
2022-10-06,51201.0,2
2022-10-07,1482.0,0
2022-10-08,10781.0,2
2022-10-09,14794.0,1
2022-10-10,9034.0,2
2022-10-11,5855.0,1
2022-10-12,42947.0,2
2022-10-13,46149.0,3
2022-10-14,43040.0,4
2022-10-15,10354.0,2
2022-10-16,52904.0,3
2022-10-17,8459.0,1
2022-10-18,8061.0,2
2022-10-20,1938.0,1
2022-10-21,8764.0,1
2022-10-22,3614.0,1
2022-10-23,14816.0,2
2022-10-24,52811.0,5
2022-10-25,28175.0,4
2022-10-26,17817.0,2
2022-10-27,717.0,0
2022-10-28,2501.0,0
2022-10-29,14307.0,2
2022-10-31,3880.0,0
2022-11-01,17429.0,1
2022-11-02,48015.0,1
2022-11-03,14220.0,2
2022-11-04,56300.0,2
2022-11-05,6069.0,1
2022-11-06,20327.0,5
2022-11-07,8148.0,1
2022-11-08,25374.0,2
2022-11-09,4789.0,0
2022-11-10,58542.0,2
2022-11-11,12953.0,1
2022-11-12,10273.0,1
2022-11-13,31811.0,3
2022-11-14,45423.0,2
2022-11-15,26915.0,3
2022-11-16,6094.0,1
2022-11-17,1895.0,1
2022-11-19,8575.0,2
2022-11-20,8981.6,1
2022-11-21,27744.0,1
2022-11-22,1744.0,1
2022-11-23,50524.0,3
2022-11-24,10257.0,1
2022-11-25,5638.0,2
2022-11-26,36837.0,3
2022-11-27,25399.0,3
2022-11-28,12805.0,1
2022-11-29,4424.0,1
2022-11-30,5592.0,1
2022-12-01,12849.0,1
2022-12-02,797.0,1
2022-12-03,9892.0,1
2022-12-04,50377.0,3
2022-12-06,4669.0,0
2022-12-07,17110.0,3
2022-12-08,1168.0,0
2022-12-09,2044.0,0
2022-12-10,51697.0,3
2022-12-11,42143.0,3
2022-12-13,67119.0,2
2022-12-14,58946.0,2
2022-12-15,128.0,0
2022-12-16,3936.0,0
2022-12-17,2389.0,0
2022-12-18,43425.0,1
2022-12-19,43535.0,1
2022-12-20,25535.0,3
2022-12-21,22886.0,3
2022-12-22,63271.0,3
2022-12-23,36764.0,1
2022-12-24,11019.0,4
2022-12-25,16010.0,2
2022-12-26,2456.0,0
2022-12-27,54372.0,3
2022-12-28,17217.04,2
2022-12-29,12790.0,1
2022-12-31,55467.0,4
2023-01-01,6850.0,1
2023-01-02,38224.0,1
2023-01-03,15851.0,3
2023-01-05,46356.0,1
2023-01-06,8195.0,1
2023-01-07,13289.0,2
2023-01-08,2840.0,1
2023-01-09,7858.0,1
2023-01-10,1400.0,0
2023-01-11,12032.0,1
2023-01-12,3046.0,0
2023-01-13,31657.0,1
2023-01-14,6911.0,1
2023-01-15,4608.0,0
2023-01-16,568.0,0
2023-01-17,52367.0,5
2023-01-18,31922.0,3
2023-01-19,5328.0,1
2023-01-20,45327.0,3
2023-01-21,63969.0,3
2023-01-23,10187.0,3
2023-01-24,55351.0,2
2023-01-25,2153.0,0
2023-01-26,12447.0,3
2023-01-27,1304.0,0
2023-01-28,13608.0,1
2023-01-29,4480.0,1
2023-01-30,27510.0,2
2023-01-31,13602.0,2
2023-02-01,32842.0,3
2023-02-02,27444.0,2
2023-02-03,26438.0,2
2023-02-04,6719.0,0
2023-02-05,15557.6,1
2023-02-06,4054.0,1
2023-02-07,32591.0,1
2023-02-08,54833.0,3
2023-02-09,46542.0,5
2023-02-11,16304.0,1
2023-02-12,8659.0,1
2023-02-13,8017.0,0
2023-02-14,26210.0,4
2023-02-15,17358.0,3
2023-02-16,22746.0,1
2023-02-17,66633.0,4
2023-02-18,52058.0,3
2023-02-19,2451.0,0
2023-02-20,5791.4,1
2023-02-21,20424.0,1
2023-02-22,7120.0,1
2023-02-23,38541.0,3
2023-02-24,11917.0,3
2023-02-25,6355.0,0
2023-02-26,78108.0,3
2023-02-27,3389.0,0
2023-02-28,10494.0,1
2023-03-01,9367.0,1
2023-03-04,17442.0,3
2023-03-05,2124.0,0
2023-03-06,23036.0,3
2023-03-07,32374.0,2
2023-03-08,73175.0,3
2023-03-09,14003.0,1
2023-03-10,39393.0,3
2023-03-11,41859.0,2
2023-03-12,1377.0,1
2023-03-13,8786.0,1
2023-03-14,7959.0,0
2023-03-15,56767.0,3
2023-03-16,22692.0,1
2023-03-17,28469.0,3
2023-03-18,4675.0,1
2023-03-19,15157.0,1
2023-03-21,64150.0,2
2023-03-22,13778.0,0
2023-03-23,20849.0,5
2023-03-24,41216.0,3
2023-03-25,13985.0,3
2023-03-27,13684.0,0
2023-03-28,8327.0,2
2023-03-29,5690.0,1
2023-03-30,21726.0,3
2023-03-31,57163.0,2
2023-04-01,37533.0,2
2023-04-02,18800.0,3
2023-04-03,14746.0,1
2023-04-04,10316.0,1
2023-04-05,15996.0,1
2023-04-06,17209.0,2
2023-04-07,72192.0,3
2023-04-08,7890.0,1
2023-04-09,18287.0,1
2023-04-10,25822.0,1
2023-04-11,15407.0,2
2023-04-12,20892.0,2
2023-04-13,37008.0,3
2023-04-14,2763.0,1
2023-04-15,324.0,0
2023-04-16,119408.0,6
2023-04-17,23722.0,1
2023-04-18,4641.0,0
2023-04-19,4746.0,1
2023-04-20,10544.0,2
2023-04-21,7983.864,3
2023-04-22,4435.0,0
2023-04-23,1467.0,1
2023-04-24,28485.0,4
2023-04-25,2800.0,1
2023-04-26,24653.0,2
2023-04-27,34710.0,6
2023-04-28,14346.0,1
2023-04-29,47828.0,2
2023-04-30,14334.0,2
2023-05-01,9955.0,2
2023-05-02,11715.0,1
2023-05-03,28676.0,1
2023-05-04,1523.0,0
2023-05-05,6220.0,1
2023-05-06,6378.0,1
2023-05-07,62947.0,4
2023-05-08,19152.0,2
2023-05-09,17049.0,1
2023-05-10,10343.0,1
2023-05-11,17561.0,2
2023-05-12,6524.0,2
2023-05-13,29421.0,2
2023-05-14,32440.0,2
2023-05-16,5655.0,1
2023-05-17,38177.0,1
2023-05-18,3001.0,0
2023-05-19,19972.0,1
2023-05-20,11711.0,2
2023-05-21,36616.0,1
2023-05-22,36082.0,5
2023-05-23,12512.0,2
2023-05-24,6606.0,2
2023-05-25,3629.0,0
2023-05-26,53187.0,2
2023-05-27,18713.0,3
2023-05-29,12752.0,1
2023-05-30,15845.0,2
2023-05-31,15873.0,3
2023-06-01,17358.0,2
2023-06-02,9477.0,2
2023-06-03,12318.0,2
2023-06-04,9995.0,1
2023-06-05,13869.0,2
2023-06-06,27287.0,2
2023-06-07,77139.0,5
2023-06-08,16177.0,2
2023-06-10,56478.0,3
2023-06-11,39933.0,1
2023-06-12,3326.0,1
2023-06-13,2900.0,0
2023-06-14,9983.0,0
2023-06-15,15062.0,2
2023-06-16,46664.0,2
2023-06-17,6458.0,1
2023-06-18,54372.0,4
2023-06-19,14016.0,2
2023-06-20,17602.0,2
2023-06-21,7447.0,1
2023-06-22,85791.0,2
2023-06-23,97932.0,5
2023-06-24,14945.0,2
2023-06-25,9912.0,0
2023-06-26,17687.0,3
2023-06-27,10821.0,2
2023-06-28,28865.0,2
2023-06-29,9824.0,1
2023-06-30,19616.0,2
2023-07-01,17872.0,3
2023-07-02,29070.0,3
2023-07-03,4477.0,0
2023-07-04,24991.0,2
2023-07-05,3595.0,0
2023-07-06,2750.0,0
2023-07-07,50623.0,2
2023-07-08,10009.0,1
2023-07-09,42707.0,4
2023-07-10,42265.0,5
2023-07-11,11863.0,2
2023-07-12,16247.0,3
2023-07-13,27267.0,2
2023-07-14,12495.0,2
2023-07-16,14611.0,2
2023-07-17,5802.0,2
2023-07-18,4525.0,1
2023-07-20,6256.0,1
2023-07-21,21892.0,2
2023-07-22,5707.0,1
2023-07-23,29796.0,4
2023-07-24,3505.0,1
2023-07-25,1225.0,0
2023-07-26,10798.0,1
2023-07-27,25948.0,3
2023-07-28,25606.0,3
2023-07-29,45661.0,1
2023-07-30,30498.0,2
2023-07-31,36994.0,2
2023-08-01,43982.0,3
2023-08-02,4315.0,0
2023-08-03,3558.0,0
2023-08-04,44436.0,2
2023-08-05,13961.0,2
2023-08-06,3176.0,0
2023-08-07,17091.0,2
2023-08-08,18983.0,2
2023-08-09,40895.0,3
2023-08-10,844.0,0
2023-08-11,15214.0,2
2023-08-12,3752.0,0
2023-08-13,9180.0,2
2023-08-14,5480.0,1
2023-08-15,51360.0,4
2023-08-16,9831.0,1
2023-08-17,22266.0,3
2023-08-19,13880.4,2
2023-08-20,22930.0,2
2023-08-21,55555.0,4
2023-08-22,29311.0,3
2023-08-23,3913.0,1
2023-08-25,23937.0,1
2023-08-26,11862.0,1
2023-08-27,58260.0,2
2023-08-28,13889.0,2
2023-08-29,2342.0,1
2023-08-30,2716.0,2
2023-08-31,28669.0,3
2023-09-01,2669.0,0
2023-09-02,1148.0,1
2023-09-03,17886.0,1
2023-09-04,13798.0,2
2023-09-05,658.0,0
2023-09-06,8281.0,1
2023-09-07,5919.0,2
2023-09-08,23450.0,2
2023-09-09,4126.0,0
2023-09-10,12710.0,1
2023-09-11,13926.0,2
2023-09-13,15295.0,2
2023-09-14,10884.0,2
2023-09-15,10648.0,2
2023-09-16,25513.0,2
2023-09-17,58988.0,3
2023-09-19,7510.0,1
2023-09-20,22923.0,2
2023-09-21,14190.0,1
2023-09-22,48289.0,3
2023-09-24,98385.0,3
2023-09-25,15455.0,2
2023-09-26,41381.0,3
2023-09-27,17250.0,2
2023-09-28,2682.0,1
2023-09-30,27138.0,4
2023-10-01,4480.0,1
2023-10-02,9716.0,1
2023-10-04,93410.0,5
2023-10-05,32942.0,1
2023-10-06,60017.0,4
2023-10-07,869.0,0
2023-10-08,19038.0,2
2023-10-09,6189.0,2
2023-10-10,8486.0,1
2023-10-11,29514.0,1
2023-10-12,16212.0,2
2023-10-13,10570.0,2
2023-10-14,67163.0,5
2023-10-15,8553.0,1
2023-10-16,8267.0,0
2023-10-17,60663.0,2
2023-10-18,36829.0,1
2023-10-19,41067.0,3
2023-10-20,42706.0,1
2023-10-21,25879.0,4
2023-10-22,65581.0,3
2023-10-23,6477.0,1
2023-10-25,20578.0,2
2023-10-26,47751.0,2
2023-10-27,4162.0,0
2023-10-28,27471.0,3
2023-10-29,25991.0,2
2023-10-30,12481.0,3
2023-10-31,40653.0,3
2023-11-01,90668.0,5
2023-11-02,4922.0,0
2023-11-03,13128.0,3
2023-11-04,64183.0,3
2023-11-05,48164.0,1
2023-11-06,41381.0,3
2023-11-07,3071.0,0
2023-11-08,12804.0,1
2023-11-09,8228.0,1
2023-11-10,50888.0,2
2023-11-11,8796.0,1
2023-11-12,6535.0,0
2023-11-13,74913.0,4
2023-11-14,18959.0,3
2023-11-15,5017.0,0
2023-11-16,19196.0,4
2023-11-17,29686.0,4
2023-11-18,18367.0,3
2023-11-19,64868.0,3
2023-11-20,51210.0,3
2023-11-21,9955.0,1
2023-11-22,37967.0,3
2023-11-23,103013.0,5
2023-11-24,14011.0,2
2023-11-25,63635.0,4
2023-11-26,8329.0,3
2023-11-28,17847.0,4
2023-11-29,5794.0,0
2023-11-30,20516.0,2
2023-12-01,57607.0,3
2023-12-02,25361.0,2
2023-12-03,42276.0,2
2023-12-04,4586.0,0
2023-12-05,14005.0,2
2023-12-06,17654.0,2
2023-12-07,9861.0,1
2023-12-08,53146.0,2
2023-12-09,3579.0,0
2023-12-11,14193.0,1
2023-12-12,11446.0,2
2023-12-13,7919.0,1
2023-12-14,89979.0,2
2023-12-15,46995.0,2
2023-12-16,36860.0,2
2023-12-17,33134.0,1
2023-12-18,41266.0,5
2023-12-19,17204.0,2
2023-12-20,45353.0,3
2023-12-21,7028.0,1
2023-12-22,16432.0,1
2023-12-23,3191.0,0
2023-12-24,8680.0,0
2023-12-25,3239.0,0
2023-12-26,55785.0,2
2023-12-27,38972.0,2
2023-12-28,8810.0,0
2023-12-29,43274.0,3
2023-12-30,11900.0,1
2023-12-31,44366.0,3
2024-01-01,46378.0,3
2024-01-02,2650.0,0
2024-01-03,58045.0,3
2024-01-04,65798.0,3
2024-01-05,18135.0,2
2024-01-06,13894.0,1
2024-01-07,19200.0,3
2024-01-08,10367.0,1
2024-01-09,38129.0,4
2024-01-10,10448.0,2
2024-01-11,30110.0,5
2024-01-12,39054.0,2
2024-01-13,4783.0,1
2024-01-14,9738.8,2
2024-01-15,21304.0,3
2024-01-16,19716.0,1
2024-01-17,3592.0,0
2024-01-18,35946.0,2
2024-01-19,25848.0,4
2024-01-20,12524.0,1
2024-01-21,11215.0,1
2024-01-22,2841.0,1
2024-01-23,11726.0,1
2024-01-24,55448.0,1
2024-01-25,13922.0,0
2024-01-26,13831.0,3
2024-01-27,82225.0,4
2024-01-28,3954.0,0
2024-01-29,7557.0,1
2024-01-30,17416.0,3
2024-01-31,6746.0,0
2024-02-01,35018.0,2
2024-02-02,15429.0,2
2024-02-03,13932.8,1
2024-02-04,66871.0,2
2024-02-05,141521.0,4
2024-02-06,18980.0,3
2024-02-07,786.0,0
2024-02-08,10587.0,1
2024-02-09,65260.0,2
2024-02-10,53288.0,1
2024-02-11,42354.0,3
2024-02-12,27783.0,1
2024-02-13,48253.0,4
2024-02-14,30581.0,6
2024-02-15,17069.0,3
2024-02-16,9370.0,1
2024-02-17,49142.0,1
2024-02-18,57667.0,4
2024-02-19,7291.0,2
2024-02-20,37750.0,1
2024-02-21,24889.0,3
2024-02-22,52315.0,2
2024-02-23,12685.0,1
2024-02-24,3837.0,1
2024-02-25,20597.0,2
2024-02-26,19948.0,3
2024-02-27,47358.0,1
2024-02-28,24102.0,1
2024-02-29,16732.0,3
2024-03-01,41082.0,2
2024-03-02,11231.0,1
2024-03-03,6435.0,1
2024-03-04,13114.0,1
2024-03-05,35761.0,6
2024-03-06,9063.0,1
2024-03-07,13752.0,2
2024-03-08,41604.0,4
2024-03-09,17143.0,1
2024-03-10,1950.0,0
2024-03-11,28625.0,2
2024-03-12,2090.0,0
2024-03-13,10195.0,2
2024-03-14,7039.0,1
2024-03-15,16424.0,3
2024-03-16,9595.0,1
2024-03-17,35867.0,5
2024-03-18,10226.0,1
2024-03-19,45899.0,1
2024-03-20,36009.0,3
2024-03-21,27631.0,2
2024-03-22,19241.0,2
2024-03-23,1359.0,1
2024-03-24,15215.0,2
2024-03-25,56161.0,3
2024-03-26,63130.0,4
2024-03-27,13040.0,3
2024-03-28,5170.0,1
2024-03-30,47248.0,4
2024-03-31,18678.0,2
2024-04-01,2091.0,1
2024-04-02,28973.0,2
2024-04-03,48031.0,4
2024-04-04,3265.0,1
2024-04-05,15635.0,2
2024-04-06,9649.0,2
2024-04-07,22940.0,3
2024-04-08,26175.0,4
2024-04-09,31468.0,5
2024-04-10,42857.0,4
2024-04-11,9619.0,2
2024-04-12,21423.0,3
2024-04-13,43358.0,3
2024-04-14,21377.0,2
2024-04-15,46443.0,2
2024-04-17,25622.0,3
2024-04-18,8990.0,2
2024-04-19,20405.0,2
2024-04-20,11427.0,1
2024-04-21,27012.0,5
2024-04-22,25826.0,3
2024-04-23,17917.0,2
2024-04-24,55606.0,5
2024-04-25,22580.0,2
2024-04-26,37351.0,4
2024-04-27,35494.0,6
2024-04-28,10317.0,2
2024-04-29,64628.0,3
2024-04-30,6605.0,2
2024-05-01,22116.0,3
2024-05-02,10198.0,1
2024-05-03,16381.0,3
2024-05-04,78985.0,3
2024-05-05,18334.0,3
2024-05-06,2188.0,1
2024-05-07,10211.0,3
2024-05-09,14919.0,3
2024-05-10,37904.0,3
2024-05-11,13735.0,2
2024-05-12,29268.0,3
2024-05-13,28131.0,1
2024-05-15,24181.0,4
2024-05-16,40476.0,2
2024-05-17,21242.0,3
2024-05-18,28362.0,2
2024-05-19,1382.0,0
2024-05-20,7608.0,2
2024-05-21,36536.0,3
2024-05-22,15953.0,3
2024-05-23,29963.0,4
2024-05-24,23781.0,2
2024-05-25,22165.0,2
2024-05-26,23499.0,3
2024-05-27,41548.0,3
2024-05-28,27576.0,3
2024-05-29,9119.0,2
2024-05-30,14141.0,2
2024-05-31,12337.0,2
2024-06-01,51449.0,2
2024-06-02,43098.0,1
2024-06-03,16031.0,3
2024-06-04,39389.0,2
2024-06-05,31381.8,1
2024-06-06,28991.0,3
2024-06-07,3714.0,1
2024-06-08,4876.0,0
2024-06-09,6502.0,1
2024-06-10,6175.0,1
2024-06-11,64662.0,4
2024-06-13,19313.0,2
2024-06-14,2871.0,0
2024-06-15,9107.0,2
2024-06-16,33413.0,2
2024-06-17,11853.0,1
2024-06-18,13560.0,3
2024-06-19,37861.0,3
2024-06-20,65897.0,3
2024-06-21,30728.0,2
2024-06-22,16748.0,1
2024-06-23,7337.0,3
2024-06-24,29847.0,3
2024-06-25,66206.0,4
2024-06-26,67476.0,3
2024-06-27,68591.0,5
2024-06-28,1978.0,1
2024-06-29,18126.0,3
2024-06-30,67576.0,5
2024-07-01,33432.0,3
2024-07-02,28220.0,2
2024-07-03,12545.0,1
2024-07-04,15723.0,1
2024-07-05,20570.0,3
2024-07-06,18296.0,1
2024-07-07,9784.0,2
2024-07-08,46563.0,5
2024-07-09,40792.0,2
2024-07-10,18483.0,2
2024-07-11,35134.0,3
2024-07-12,27839.0,3
2024-07-13,14110.0,2
2024-07-14,62809.0,3
2024-07-15,9901.0,1
2024-07-16,19260.0,2
2024-07-17,6312.0,2
2024-07-18,4667.0,0
2024-07-19,26665.0,2
2024-07-20,12752.0,2
2024-07-21,2012.0,0
2024-07-22,7740.0,0
2024-07-23,19373.0,2
2024-07-24,53644.2,3
2024-07-25,14179.0,1
2024-07-26,77018.0,4
2024-07-27,14865.0,3
2024-07-28,25519.0,3
2024-07-29,4766.0,0
2024-07-30,15451.0,2
2024-07-31,6813.0,0
2024-08-01,16259.0,2
2024-08-02,11410.0,2
2024-08-03,109572.0,4
2024-08-04,69304.0,4
2024-08-05,18383.0,3
2024-08-06,1421.0,1
2024-08-07,16548.0,3
2024-08-08,68544.848,4
2024-08-09,73329.0,3
2024-08-10,7981.0,2
2024-08-11,11244.0,2
2024-08-12,1656.0,1
2024-08-13,22369.0,4
2024-08-14,31901.0,2
2024-08-15,56636.0,3
2024-08-16,43670.0,2
2024-08-17,129377.0,3
2024-08-18,33061.0,1
2024-08-19,66481.0,3
2024-08-20,9978.0,1
2024-08-21,1268.0,0
2024-08-22,13506.0,1
2024-08-23,131579.0,5
2024-08-24,29045.0,1
2024-08-25,9070.0,3
2024-08-26,2409.0,1
2024-08-27,14012.0,1
2024-08-28,21453.0,1
2024-08-29,8049.0,0
2024-08-30,30692.0,3
2024-08-31,42914.0,7
2024-09-01,5304.0,1
2024-09-02,27225.0,2
2024-09-03,20221.0,3
2024-09-04,27217.0,3
2024-09-05,48005.0,4
2024-09-06,62577.0,3
2024-09-07,53801.0,3
2024-09-08,6599.0,0
2024-09-09,17977.0,1
2024-09-10,11624.0,3
2024-09-11,13068.0,1
2024-09-12,24008.0,2
2024-09-13,13896.0,2
2024-09-14,21237.0,2
2024-09-15,69812.0,5
2024-09-16,7491.0,2
2024-09-18,90996.0,5
2024-09-19,15530.0,3
2024-09-20,110957.0,3
2024-09-21,24777.0,3
2024-09-22,13708.0,1
2024-09-23,8448.0,1
2024-09-24,21462.0,3
2024-09-25,48631.0,5
2024-09-27,7472.0,1
2024-09-28,36092.0,4
2024-09-29,11481.0,1
2024-09-30,76316.0,5
2024-10-01,4908.0,1
2024-10-02,35505.0,4
2024-10-03,2848.0,1
2024-10-04,4661.0,1
2024-10-05,60578.0,3
2024-10-06,13175.0,2
2024-10-07,2783.0,1
2024-10-08,14141.0,1
2024-10-09,22066.0,3
2024-10-10,46221.0,6
2024-10-11,32360.0,2
2024-10-12,7820.0,1
2024-10-13,3152.0,0
2024-10-14,34242.0,2
2024-10-15,48707.0,5
2024-10-16,24163.0,4
2024-10-17,5764.0,2
2024-10-18,7383.0,2
2024-10-19,11792.0,2
2024-10-20,13843.0,1
2024-10-21,5331.0,2
2024-10-22,16294.0,2
2024-10-23,47224.0,1
2024-10-24,52948.0,5
2024-10-25,68403.0,3
2024-10-26,20421.0,2
2024-10-27,22961.0,3
2024-10-28,15151.0,1
2024-10-29,56003.0,2
2024-10-30,32458.0,5
2024-11-01,24836.0,2
2024-11-02,2050.0,0
2024-11-03,10371.0,1
2024-11-04,2656.0,0
2024-11-05,49332.0,2
2024-11-06,90337.0,2
2024-11-07,25578.0,4
2024-11-08,36147.0,2
2024-11-09,17177.08,3
2024-11-10,21435.0,3
2024-11-11,36122.0,4
2024-11-12,7102.0,1
2024-11-13,23014.0,4
2024-11-14,33483.0,4
2024-11-15,11104.0,2
2024-11-16,95841.0,6
2024-11-17,30484.0,1
2024-11-18,53874.0,4
2024-11-19,53102.0,2
2024-11-20,12923.0,3
2024-11-21,9158.0,0
2024-11-22,20360.0,3
2024-11-23,19234.0,3
2024-11-24,8400.0,2
2024-11-26,31791.0,2
2024-11-27,2891.0,1
2024-11-28,10577.0,2
2024-11-29,11733.0,1
2024-12-01,45962.0,2
2024-12-02,46628.0,3
2024-12-03,11584.0,1
2024-12-04,70079.0,3
2024-12-05,6770.0,2
2024-12-06,14830.0,3
2024-12-07,8877.0,0
2024-12-08,11513.0,1
2024-12-09,58204.0,2
2024-12-10,12584.0,2
2024-12-11,17044.0,2
2024-12-12,10735.0,1
2024-12-13,35818.0,2
2024-12-14,12264.0,1
2024-12-15,25717.0,5
2024-12-16,7789.0,2
2024-12-17,19599.0,2
2024-12-18,125525.0,6
2024-12-19,6025.0,2
2024-12-20,12660.0,1
2024-12-21,28259.0,2
2024-12-22,54494.0,4
2024-12-23,7719.0,0
2024-12-24,33506.4,3
2024-12-25,29610.0,3
2024-12-26,1655.0,0
2024-12-27,19589.0,1
2024-12-28,37460.0,4
2024-12-29,9307.0,2
2024-12-30,7359.0,1
2024-12-31,12368.0,3
2025-01-01,11271.0,2
2025-01-02,66809.0,4
2025-01-03,53308.0,3
2025-01-04,14274.0,2
2025-01-05,15413.0,3
2025-01-06,54191.0,3
2025-01-07,32813.0,3
2025-01-08,31595.0,3
2025-01-10,12080.0,1
2025-01-11,11037.0,1
2025-01-12,8674.0,1
2025-01-13,6145.0,1
2025-01-14,22266.0,4
2025-01-15,51400.0,2
2025-01-16,40159.0,2
2025-01-17,9622.0,1
2025-01-18,7689.0,1
2025-01-19,11777.0,1
2025-01-20,72402.0,4
2025-01-21,43047.0,3
2025-01-22,22942.0,2
2025-01-23,16824.0,3
2025-01-24,10174.0,0
2025-01-25,12271.0,1
2025-01-26,5427.0,1
2025-01-27,22475.0,1
2025-01-28,54713.0,3
2025-01-29,27321.0,3
2025-01-30,12443.0,1
2025-01-31,41154.0,2
2025-02-01,16605.0,3
2025-02-02,66511.0,4
2025-02-03,7623.0,1
2025-02-04,23312.0,2
2025-02-05,36955.0,2
2025-02-06,40362.0,4
2025-02-07,5778.0,1
2025-02-08,47297.0,2
2025-02-09,15308.0,0
2025-02-10,13694.0,1
2025-02-11,25146.0,2
2025-02-12,21070.0,2
2025-02-13,62029.0,5
2025-02-14,16462.0,2
2025-02-15,20070.0,3
2025-02-16,6654.0,0
2025-02-17,14109.0,2
2025-02-18,18138.0,2
2025-02-19,12332.0,0
2025-02-20,6252.0,0
2025-02-21,11658.0,1
2025-02-22,2968.0,0
2025-02-23,24185.0,3
2025-02-24,69878.0,4
2025-02-25,13015.0,2
2025-02-26,9033.0,1
2025-02-27,60510.0,3
2025-02-28,3997.0,0
2025-03-01,4725.0,2
2025-03-02,5538.0,1
2025-03-03,16101.0,2
2025-03-04,14569.0,2
2025-03-05,12582.0,2
2025-03-06,49615.0,7
2025-03-07,46536.0,2
2025-03-08,29434.0,2
2025-03-09,18887.0,2
2025-03-10,14617.0,2
2025-03-11,13729.0,2
2025-03-12,43183.0,4
2025-03-13,17097.0,3
2025-03-14,7237.0,1
2025-03-15,19998.0,3
2025-03-16,38846.0,2
2025-03-17,60151.0,6
2025-03-18,12141.0,1
2025-03-19,47758.0,3
2025-03-20,8215.0,2
2025-03-22,17083.0,2
2025-03-23,8000.0,1
2025-03-24,23309.0,2
2025-03-25,36336.0,2
2025-03-26,28891.0,2
2025-03-27,19291.0,2
2025-03-28,7400.0,1
2025-03-29,42527.0,5
2025-03-30,16958.0,3
2025-03-31,13754.0,1
2025-04-01,5896.0,3
2025-04-02,18465.0,2
2025-04-03,37790.0,3
2025-04-04,97600.0,4
2025-04-05,53215.0,6
2025-04-06,48276.0,5
2025-04-07,39878.0,5
2025-04-08,8029.0,1
2025-04-09,75211.0,3
2025-04-10,24161.0,4
2025-04-11,11368.0,2
2025-04-12,8861.0,1
2025-04-13,10543.0,3
2025-04-14,12458.0,2
2025-04-15,32256.0,3
2025-04-16,27853.0,3
2025-04-17,39616.0,4
2025-04-18,8034.0,1
2025-04-20,11215.0,2
2025-04-21,17169.0,3
2025-04-22,19348.0,4
2025-04-23,14071.0,1
2025-04-24,27288.0,2
2025-04-25,26347.0,4
2025-04-26,10681.0,0
2025-04-27,62828.0,4
2025-04-28,21184.0,2
2025-04-29,22358.0,2
2025-04-30,16792.0,4
2025-05-01,6102.0,0
2025-05-02,22792.0,2
2025-05-03,10513.0,1
2025-05-04,40126.0,2
2025-05-05,25572.0,4
2025-05-06,14853.0,2
2025-05-07,30102.0,4
2025-05-08,14974.0,3
2025-05-09,9962.0,2
2025-05-10,17593.4,2
2025-05-11,17446.0,3
2025-05-12,43473.0,3
2025-05-13,24356.0,3
2025-05-14,41912.0,5
2025-05-15,47723.0,4
2025-05-16,44754.0,5
2025-05-17,5877.0,2
2025-05-18,22324.0,3
2025-05-19,8955.0,1
2025-05-20,11800.0,2
2025-05-21,16956.0,2
2025-05-22,9011.0,1
2025-05-23,22009.0,3
2025-05-24,23839.0,3
2025-05-25,19829.0,2
2025-05-26,18271.0,2
2025-05-27,7536.0,1
2025-05-28,46611.0,2
2025-05-29,25848.0,4
2025-05-30,13827.0,2
2025-05-31,20730.0,2
2025-06-01,17673.0,4
2025-06-02,24796.0,3
2025-06-03,50410.0,2
2025-06-04,7201.0,1
2025-06-05,41155.0,1
2025-06-06,18328.0,3
2025-06-07,9126.0,1
2025-06-08,26326.2,2
2025-06-09,20892.0,1
2025-06-10,69059.0,2
2025-06-11,16281.0,1
2025-06-12,11527.0,2
2025-06-13,28066.0,2
2025-06-14,12373.0,2
2025-06-15,39036.0,4
2025-06-16,80709.0,5
2025-06-17,14594.0,2
2025-06-18,121324.0,6
2025-06-19,9818.0,1
2025-06-20,58136.0,2
2025-06-21,11586.0,0
2025-06-22,20219.0,1
2025-06-23,97949.0,4
2025-06-24,19216.0,2
2025-06-25,40973.0,1
2025-06-26,32451.0,3
2025-06-27,8102.0,3
2025-06-28,27127.0,3
2025-06-29,10276.0,1
2025-06-30,24748.0,2
2025-07-01,13571.0,1
2025-07-02,24354.0,3
2025-07-03,63482.0,2
2025-07-04,5748.0,0
2025-07-05,11927.0,2
2025-07-06,102106.0,6
2025-07-07,35246.0,2
2025-07-08,6827.0,0
2025-07-09,16979.0,2
2025-07-10,18955.0,2
2025-07-11,16719.0,2
2025-07-12,12016.0,1
2025-07-13,22007.0,2
2025-07-14,27112.0,4
2025-07-15,4793.0,2
2025-07-16,39353.0,3
2025-07-17,20557.0,1
2025-07-18,56437.0,4
2025-07-19,8032.0,1
2025-07-20,71107.0,3
2025-07-21,81892.0,5
2025-07-22,64002.0,4
2025-07-23,4327.0,1
2025-07-24,54525.0,2
2025-07-25,10299.0,1
2025-07-26,84609.0,3
2025-07-27,22414.0,4
2025-07-28,40827.0,2
2025-07-29,4870.0,0
2025-07-30,30170.0,2
2025-07-31,19723.0,3
2025-08-01,71287.0,3
2025-08-02,17263.0,3
2025-08-03,45869.0,5
2025-08-04,4726.0,0
2025-08-05,32364.0,4
2025-08-06,23848.0,6
2025-08-07,37785.0,7
2025-08-08,50525.0,3
2025-08-09,19471.0,2
2025-08-10,14652.0,2
2025-08-11,12367.0,0
2025-08-12,57448.0,3
2025-08-13,15541.0,2
2025-08-14,25318.0,4
2025-08-15,22873.0,3
2025-08-16,71828.0,3
2025-08-17,59287.0,3
2025-08-18,29534.0,3
2025-08-19,18685.0,3
2025-08-20,44756.0,3
2025-08-21,61612.0,3
2025-08-22,18241.0,1
2025-08-23,5617.0,1
2025-08-24,49953.0,3
2025-08-25,13502.0,1
2025-08-26,20424.0,2
2025-08-27,62270.0,5
2025-08-28,11028.0,1
2025-08-29,45941.0,4
2025-08-30,6591.0,1
2025-08-31,22066.0,3
2025-09-01,32872.0,1
2025-09-02,55139.0,2
2025-09-03,30679.0,4
2025-09-04,51042.0,3
2025-09-05,13596.0,3
2025-09-06,29975.6,1
2025-09-07,19881.0,2
2025-09-08,5415.0,2
2025-09-09,91825.0,3
2025-09-10,41543.4,3
2025-09-11,63506.0,5
2025-09-12,7236.0,1
2025-09-13,17911.0,2
2025-09-14,7270.0,1
2025-09-15,4143.0,1
2025-09-16,31625.0,3
2025-09-17,40783.0,1
2025-09-18,12488.0,1
2025-09-22,22057.0,1
2025-10-03,104929.0,3
2025-10-06,16199.0,1
2025-10-07,17738.0,1
2025-10-14,79065.0,3
2025-10-17,18698.0,1
2025-10-18,31484.0,1
2025-10-20,20724.0,1
2025-10-21,66700.0,2
2025-10-25,16308.0,1
2025-10-31,11871.0,1
2025-11-03,25292.0,1
2025-11-05,36577.0,1
2025-11-07,41026.0,2
2025-11-08,51043.0,2
2025-11-10,45057.0,2
2025-11-15,46829.0,2
2025-11-19,44679.0,1
2025-11-21,40585.0,1
2025-11-22,37820.0,1
2025-11-24,45969.0,2
2025-11-25,26977.0,1
2025-12-03,40812.0,1
2025-12-05,37508.0,1
2025-12-07,40379.0,1
2025-12-11,23849.0,1
2025-12-12,43209.0,1
2025-12-14,22173.0,1
2025-12-15,24331.0,1
2025-12-16,45743.0,1
2025-12-21,12500.0,1
2025-12-22,45927.0,1
2025-12-26,30057.0,1
2025-12-27,20431.0,1
