client_id,account_balance,last_updated
C10000,11119,2025-09-16 18:10:22.208536
C10001,27182,2025-09-16 18:10:22.214717
C10002,46465,2025-09-16 18:10:22.216712
C10003,25315,2025-09-16 18:10:22.217713
C10004,21668,2025-09-16 18:10:22.218707
C10005,7994,2025-09-16 18:10:22.219704
C10006,12329,2025-09-16 18:10:22.221699
C10007,20934,2025-09-16 18:10:22.222696
C10008,10248,2025-09-16 18:10:22.223693
C10009,12255,2025-09-16 18:10:22.224691
C10010,14279,2025-09-16 18:10:22.226687
C10011,33200,2025-09-16 18:10:22.227686
C10012,27553,2025-09-16 18:10:22.228723
C10013,49512,2025-09-16 18:10:22.229719
C10014,27783,2025-09-16 18:10:22.230704
C10015,47708,2025-09-16 18:10:22.231704
C10016,26967,2025-09-16 18:10:22.232699
C10017,23245,2025-09-16 18:10:22.232699
C10018,16378,2025-09-16 18:10:22.233697
C10019,33039,2025-09-16 18:10:22.234693
C10020,17070,2025-09-16 18:10:22.235690
C10021,43909,2025-09-16 18:10:22.236688
C10022,14744,2025-09-16 18:10:22.236688
C10023,35541,2025-09-16 18:10:22.237685
C10024,12279,2025-09-16 18:10:22.238683
C10025,36633,2025-09-16 18:10:22.239686
C10026,28456,2025-09-16 18:10:22.240682
C10027,23352,2025-09-16 18:10:22.241679
C10028,15395,2025-09-16 18:10:22.242677
C10029,16102,2025-09-16 18:10:22.242677
C10030,41563,2025-09-16 18:10:22.243682
C10031,23332,2025-09-16 18:10:22.245664
C10032,22746,2025-09-16 18:10:22.245664
C10033,31835,2025-09-16 18:10:22.246661
C10034,48322,2025-09-16 18:10:22.247661
C10035,9625,2025-09-16 18:10:22.248656
C10036,45254,2025-09-16 18:10:22.249654
C10037,20751,2025-09-16 18:10:22.250656
C10038,11576,2025-09-16 18:10:22.251647
C10039,24556,2025-09-16 18:10:22.251647
C10040,23849,2025-09-16 18:10:22.252645
C10041,20278,2025-09-16 18:10:22.253679
C10042,29292,2025-09-16 18:10:22.254674
C10043,10528,2025-09-16 18:10:22.255670
C10044,39757,2025-09-16 18:10:22.255670
C10045,30843,2025-09-16 18:10:22.256670
C10046,45749,2025-09-16 18:10:22.257666
C10047,35398,2025-09-16 18:10:22.258664
C10048,37217,2025-09-16 18:10:22.258664
C10049,43186,2025-09-16 18:10:22.259660
C10050,13063,2025-09-16 18:10:22.260649
C10051,26144,2025-09-16 18:10:22.261294
C10052,32037,2025-09-16 18:10:22.262381
C10053,17290,2025-09-16 18:10:22.262381
C10054,38224,2025-09-16 18:10:22.263379
C10055,6328,2025-09-16 18:10:22.263379
C10056,37820,2025-09-16 18:10:22.264368
C10057,43691,2025-09-16 18:10:22.264368
C10058,43535,2025-09-16 18:10:22.265365
C10059,22423,2025-09-16 18:10:22.266363
C10060,27740,2025-09-16 18:10:22.266363
C10061,43776,2025-09-16 18:10:22.266363
C10062,9620,2025-09-16 18:10:22.266363
C10063,31824,2025-09-16 18:10:22.267906
C10064,16803,2025-09-16 18:10:22.268943
C10065,5163,2025-09-16 18:10:22.268943
C10066,36829,2025-09-16 18:10:22.269942
C10067,27325,2025-09-16 18:10:22.269942
C10068,17919,2025-09-16 18:10:22.270938
C10069,5000,2025-09-16 18:10:22.270938
C10070,41271,2025-09-16 18:10:22.271947
C10071,27988,2025-09-16 18:10:22.271947
C10072,33005,2025-09-16 18:10:22.272938
C10073,11719,2025-09-16 18:10:22.272938
C10074,28239,2025-09-16 18:10:22.273934
C10075,9353,2025-09-16 18:10:22.274939
C10076,36550,2025-09-16 18:10:22.274939
C10077,24523,2025-09-16 18:10:22.275930
C10078,9462,2025-09-16 18:10:22.275930
C10079,30454,2025-09-16 18:10:22.276931
C10080,14346,2025-09-16 18:10:22.277902
C10081,40874,2025-09-16 18:10:22.277902
C10082,49620,2025-09-16 18:10:22.278977
C10083,22522,2025-09-16 18:10:22.279974
C10084,43425,2025-09-16 18:10:22.279974
C10085,26284,2025-09-16 18:10:22.280971
C10086,23943,2025-09-16 18:10:22.280971
C10087,11005,2025-09-16 18:10:22.281968
C10088,43763,2025-09-16 18:10:22.281968
C10089,19166,2025-09-16 18:10:22.282966
C10090,6889,2025-09-16 18:10:22.282966
C10091,34248,2025-09-16 18:10:22.283963
C10092,47776,2025-09-16 18:10:22.283963
C10093,46225,2025-09-16 18:10:22.284960
C10094,43131,2025-09-16 18:10:22.284960
C10095,13859,2025-09-16 18:10:22.285959
C10096,24062,2025-09-16 18:10:22.286954
C10097,37841,2025-09-16 18:10:22.286954
C10098,29051,2025-09-16 18:10:22.286954
C10099,35420,2025-09-16 18:10:22.287952
C10100,24370,2025-09-16 18:10:22.288961
C10101,5985,2025-09-16 18:10:22.288961
C10102,7734,2025-09-16 18:10:22.289952
C10103,39025,2025-09-16 18:10:22.289952
C10104,26481,2025-09-16 18:10:22.290950
C10105,25318,2025-09-16 18:10:22.290950
C10106,34514,2025-09-16 18:10:22.291947
C10107,37827,2025-09-16 18:10:22.291947
C10108,24161,2025-09-16 18:10:22.292944
C10109,8899,2025-09-16 18:10:22.294464
C10110,13847,2025-09-16 18:10:22.294464
C10111,30624,2025-09-16 18:10:22.295506
C10112,20724,2025-09-16 18:10:22.295506
C10113,43653,2025-09-16 18:10:22.296502
C10114,13381,2025-09-16 18:10:22.296502
C10115,38745,2025-09-16 18:10:22.297500
C10116,48800,2025-09-16 18:10:22.298497
C10117,25292,2025-09-16 18:10:22.298497
C10118,41019,2025-09-16 18:10:22.299494
C10119,41025,2025-09-16 18:10:22.299494
C10120,46088,2025-09-16 18:10:22.300492
C10121,40548,2025-09-16 18:10:22.300492
C10122,36626,2025-09-16 18:10:22.301489
C10123,12356,2025-09-16 18:10:22.301489
C10124,28818,2025-09-16 18:10:22.302486
C10125,22807,2025-09-16 18:10:22.302486
C10126,11424,2025-09-16 18:10:22.303483
C10127,20158,2025-09-16 18:10:22.303483
C10128,47539,2025-09-16 18:10:22.304481
C10129,19774,2025-09-16 18:10:22.304481
C10130,27765,2025-09-16 18:10:22.305479
C10131,12106,2025-09-16 18:10:22.305479
C10132,15267,2025-09-16 18:10:22.306476
C10133,6426,2025-09-16 18:10:22.306476
C10134,19637,2025-09-16 18:10:22.307473
C10135,5806,2025-09-16 18:10:22.308471
C10136,35909,2025-09-16 18:10:22.308471
C10137,11352,2025-09-16 18:10:22.309468
C10138,36753,2025-09-16 18:10:22.310466
C10139,43577,2025-09-16 18:10:22.311219
C10140,26413,2025-09-16 18:10:22.312297
C10141,10887,2025-09-16 18:10:22.312297
C10142,33998,2025-09-16 18:10:22.313296
C10143,9840,2025-09-16 18:10:22.314290
C10144,25245,2025-09-16 18:10:22.315293
C10145,36712,2025-09-16 18:10:22.316291
C10146,19358,2025-09-16 18:10:22.316291
C10147,21868,2025-09-16 18:10:22.317282
C10148,28393,2025-09-16 18:10:22.317282
C10149,40857,2025-09-16 18:10:22.318283
C10150,25773,2025-09-16 18:10:22.318283
C10151,30117,2025-09-16 18:10:22.319276
C10152,18073,2025-09-16 18:10:22.319276
C10153,44805,2025-09-16 18:10:22.320276
C10154,31640,2025-09-16 18:10:22.320276
C10155,17872,2025-09-16 18:10:22.321274
C10156,14432,2025-09-16 18:10:22.321274
C10157,12215,2025-09-16 18:10:22.322269
C10158,30289,2025-09-16 18:10:22.323268
C10159,40115,2025-09-16 18:10:22.323268
C10160,31023,2025-09-16 18:10:22.324263
C10161,15290,2025-09-16 18:10:22.324263
C10162,10353,2025-09-16 18:10:22.325260
C10163,47271,2025-09-16 18:10:22.325260
C10164,41410,2025-09-16 18:10:22.326257
C10165,26261,2025-09-16 18:10:22.326257
C10166,29866,2025-09-16 18:10:22.327964
C10167,25990,2025-09-16 18:10:22.329014
C10168,15902,2025-09-16 18:10:22.329014
C10169,17138,2025-09-16 18:10:22.330009
C10170,47269,2025-09-16 18:10:22.330009
C10171,13472,2025-09-16 18:10:22.331006
C10172,13025,2025-09-16 18:10:22.331006
C10173,25544,2025-09-16 18:10:22.332004
C10174,47748,2025-09-16 18:10:22.332004
C10175,24417,2025-09-16 18:10:22.333001
C10176,18029,2025-09-16 18:10:22.333001
C10177,25752,2025-09-16 18:10:22.333998
C10178,44287,2025-09-16 18:10:22.334997
C10179,33174,2025-09-16 18:10:22.334997
C10180,15349,2025-09-16 18:10:22.335993
C10181,24421,2025-09-16 18:10:22.335993
C10182,36321,2025-09-16 18:10:22.336990
C10183,40164,2025-09-16 18:10:22.336990
C10184,47483,2025-09-16 18:10:22.337988
C10185,13446,2025-09-16 18:10:22.337988
C10186,39880,2025-09-16 18:10:22.338985
C10187,5516,2025-09-16 18:10:22.339983
C10188,22060,2025-09-16 18:10:22.339983
C10189,13747,2025-09-16 18:10:22.340980
C10190,30987,2025-09-16 18:10:22.340980
C10191,48041,2025-09-16 18:10:22.341978
C10192,23953,2025-09-16 18:10:22.341978
C10193,48344,2025-09-16 18:10:22.342975
C10194,43439,2025-09-16 18:10:22.344464
C10195,14484,2025-09-16 18:10:22.345043
C10196,36874,2025-09-16 18:10:22.345043
C10197,18636,2025-09-16 18:10:22.346080
C10198,29968,2025-09-16 18:10:22.347083
C10199,46416,2025-09-16 18:10:22.347083
C10200,24409,2025-09-16 18:10:22.348076
C10201,28377,2025-09-16 18:10:22.348076
C10202,36470,2025-09-16 18:10:22.349073
C10203,44623,2025-09-16 18:10:22.349073
C10204,9147,2025-09-16 18:10:22.350069
C10205,32920,2025-09-16 18:10:22.350069
C10206,14061,2025-09-16 18:10:22.351067
C10207,44561,2025-09-16 18:10:22.351067
C10208,8332,2025-09-16 18:10:22.352064
C10209,40126,2025-09-16 18:10:22.352064
C10210,44570,2025-09-16 18:10:22.353062
C10211,5277,2025-09-16 18:10:22.354099
C10212,14173,2025-09-16 18:10:22.354099
C10213,25565,2025-09-16 18:10:22.355100
C10214,20819,2025-09-16 18:10:22.355100
C10215,18156,2025-09-16 18:10:22.356097
C10216,48850,2025-09-16 18:10:22.356097
C10217,8020,2025-09-16 18:10:22.357098
C10218,11930,2025-09-16 18:10:22.357098
C10219,13752,2025-09-16 18:10:22.358096
C10220,15340,2025-09-16 18:10:22.359090
C10221,25434,2025-09-16 18:10:22.359090
C10222,39882,2025-09-16 18:10:22.360093
C10223,42686,2025-09-16 18:10:22.361045
C10224,18610,2025-09-16 18:10:22.361045
C10225,11219,2025-09-16 18:10:22.362043
C10226,21844,2025-09-16 18:10:22.363039
C10227,27083,2025-09-16 18:10:22.363039
C10228,47234,2025-09-16 18:10:22.364036
C10229,37524,2025-09-16 18:10:22.364036
C10230,38579,2025-09-16 18:10:22.365033
C10231,8123,2025-09-16 18:10:22.365033
C10232,5037,2025-09-16 18:10:22.366031
C10233,16677,2025-09-16 18:10:22.366031
C10234,9451,2025-09-16 18:10:22.367028
C10235,34515,2025-09-16 18:10:22.367028
C10236,8815,2025-09-16 18:10:22.368531
C10237,27947,2025-09-16 18:10:22.368531
C10238,9539,2025-09-16 18:10:22.369533
C10239,35616,2025-09-16 18:10:22.369533
C10240,37464,2025-09-16 18:10:22.370530
C10241,37140,2025-09-16 18:10:22.370530
C10242,43979,2025-09-16 18:10:22.371527
C10243,22017,2025-09-16 18:10:22.371527
C10244,35061,2025-09-16 18:10:22.372525
C10245,26096,2025-09-16 18:10:22.372525
C10246,46234,2025-09-16 18:10:22.373522
C10247,20921,2025-09-16 18:10:22.373522
C10248,6638,2025-09-16 18:10:22.374519
C10249,15979,2025-09-16 18:10:22.374519
C10250,18182,2025-09-16 18:10:22.375517
C10251,5592,2025-09-16 18:10:22.376516
C10252,44890,2025-09-16 18:10:22.376516
C10253,36106,2025-09-16 18:10:22.377875
C10254,29656,2025-09-16 18:10:22.378953
C10255,15202,2025-09-16 18:10:22.378953
C10256,44645,2025-09-16 18:10:22.379952
C10257,6497,2025-09-16 18:10:22.379952
C10258,11024,2025-09-16 18:10:22.380949
C10259,46698,2025-09-16 18:10:22.380949
C10260,27362,2025-09-16 18:10:22.381946
C10261,12317,2025-09-16 18:10:22.381946
C10262,12749,2025-09-16 18:10:22.382942
C10263,30891,2025-09-16 18:10:22.382942
C10264,38822,2025-09-16 18:10:22.383943
C10265,16017,2025-09-16 18:10:22.383943
C10266,17619,2025-09-16 18:10:22.384936
C10267,20284,2025-09-16 18:10:22.384936
C10268,27835,2025-09-16 18:10:22.385933
C10269,39009,2025-09-16 18:10:22.385933
C10270,10020,2025-09-16 18:10:22.386930
C10271,17665,2025-09-16 18:10:22.386930
C10272,40898,2025-09-16 18:10:22.387928
C10273,21859,2025-09-16 18:10:22.388933
C10274,20703,2025-09-16 18:10:22.388933
C10275,27736,2025-09-16 18:10:22.389927
C10276,31616,2025-09-16 18:10:22.389927
C10277,29767,2025-09-16 18:10:22.390924
C10278,7481,2025-09-16 18:10:22.390924
C10279,30538,2025-09-16 18:10:22.391925
C10280,35664,2025-09-16 18:10:22.391925
C10281,15993,2025-09-16 18:10:22.392919
C10282,27911,2025-09-16 18:10:22.393917
C10283,17658,2025-09-16 18:10:22.394698
C10284,37712,2025-09-16 18:10:22.394698
C10285,6467,2025-09-16 18:10:22.395738
C10286,16308,2025-09-16 18:10:22.396735
C10287,34614,2025-09-16 18:10:22.396735
C10288,48020,2025-09-16 18:10:22.397732
C10289,10971,2025-09-16 18:10:22.397732
C10290,33780,2025-09-16 18:10:22.398729
C10291,19901,2025-09-16 18:10:22.398729
C10292,8588,2025-09-16 18:10:22.399727
C10293,6726,2025-09-16 18:10:22.399727
C10294,21361,2025-09-16 18:10:22.400724
C10295,27166,2025-09-16 18:10:22.400724
C10296,36182,2025-09-16 18:10:22.401721
C10297,17158,2025-09-16 18:10:22.401721
C10298,46675,2025-09-16 18:10:22.402718
C10299,40745,2025-09-16 18:10:22.403716
C10300,5214,2025-09-16 18:10:22.403716
C10301,20409,2025-09-16 18:10:22.404713
C10302,15998,2025-09-16 18:10:22.404713
C10303,45156,2025-09-16 18:10:22.405711
C10304,8388,2025-09-16 18:10:22.405711
C10305,24576,2025-09-16 18:10:22.406708
C10306,25593,2025-09-16 18:10:22.406708
C10307,19445,2025-09-16 18:10:22.407706
C10308,26937,2025-09-16 18:10:22.408703
C10309,44109,2025-09-16 18:10:22.408703
C10310,40163,2025-09-16 18:10:22.409700
C10311,37714,2025-09-16 18:10:22.409700
C10312,24354,2025-09-16 18:10:22.410700
C10313,13331,2025-09-16 18:10:22.411226
C10314,40812,2025-09-16 18:10:22.412271
C10315,11654,2025-09-16 18:10:22.412271
C10316,6033,2025-09-16 18:10:22.413268
C10317,38239,2025-09-16 18:10:22.413268
C10318,29808,2025-09-16 18:10:22.414265
C10319,29368,2025-09-16 18:10:22.414265
C10320,20756,2025-09-16 18:10:22.415262
C10321,28135,2025-09-16 18:10:22.415262
C10322,30787,2025-09-16 18:10:22.416260
C10323,30937,2025-09-16 18:10:22.416260
C10324,45408,2025-09-16 18:10:22.417257
C10325,10068,2025-09-16 18:10:22.417257
C10326,23151,2025-09-16 18:10:22.418255
C10327,13184,2025-09-16 18:10:22.418255
C10328,33171,2025-09-16 18:10:22.419252
C10329,9232,2025-09-16 18:10:22.419252
C10330,35501,2025-09-16 18:10:22.420249
C10331,16705,2025-09-16 18:10:22.421251
C10332,8157,2025-09-16 18:10:22.421251
C10333,48313,2025-09-16 18:10:22.422244
C10334,43512,2025-09-16 18:10:22.422244
C10335,26100,2025-09-16 18:10:22.423241
C10336,32591,2025-09-16 18:10:22.423241
C10337,43868,2025-09-16 18:10:22.424239
C10338,38478,2025-09-16 18:10:22.424239
C10339,18490,2025-09-16 18:10:22.425237
C10340,36577,2025-09-16 18:10:22.425237
C10341,18339,2025-09-16 18:10:22.426233
C10342,40154,2025-09-16 18:10:22.426557
C10343,26229,2025-09-16 18:10:22.427648
C10344,14457,2025-09-16 18:10:22.428012
C10345,6216,2025-09-16 18:10:22.429013
C10346,16394,2025-09-16 18:10:22.430010
C10347,10969,2025-09-16 18:10:22.430010
C10348,24550,2025-09-16 18:10:22.431007
C10349,34908,2025-09-16 18:10:22.431007
C10350,37594,2025-09-16 18:10:22.432005
C10351,48018,2025-09-16 18:10:22.433002
C10352,44167,2025-09-16 18:10:22.433002
C10353,29687,2025-09-16 18:10:22.434000
C10354,12618,2025-09-16 18:10:22.434000
C10355,47720,2025-09-16 18:10:22.434997
C10356,46138,2025-09-16 18:10:22.435994
C10357,25625,2025-09-16 18:10:22.435994
C10358,49513,2025-09-16 18:10:22.436991
C10359,5832,2025-09-16 18:10:22.436991
C10360,35125,2025-09-16 18:10:22.437989
C10361,15486,2025-09-16 18:10:22.438987
C10362,7651,2025-09-16 18:10:22.438987
C10363,13549,2025-09-16 18:10:22.439984
C10364,31229,2025-09-16 18:10:22.439984
C10365,23971,2025-09-16 18:10:22.440981
C10366,24562,2025-09-16 18:10:22.440981
C10367,9343,2025-09-16 18:10:22.441978
C10368,46130,2025-09-16 18:10:22.442976
C10369,40241,2025-09-16 18:10:22.442976
C10370,22709,2025-09-16 18:10:22.443974
C10371,43513,2025-09-16 18:10:22.444618
C10372,19831,2025-09-16 18:10:22.445660
C10373,26079,2025-09-16 18:10:22.445660
C10374,7817,2025-09-16 18:10:22.446657
C10375,44903,2025-09-16 18:10:22.446657
C10376,46487,2025-09-16 18:10:22.447655
C10377,38105,2025-09-16 18:10:22.447655
C10378,8736,2025-09-16 18:10:22.448652
C10379,45386,2025-09-16 18:10:22.448652
C10380,42309,2025-09-16 18:10:22.449649
C10381,45885,2025-09-16 18:10:22.449649
C10382,28607,2025-09-16 18:10:22.450646
C10383,20020,2025-09-16 18:10:22.451644
C10384,41751,2025-09-16 18:10:22.451644
C10385,38846,2025-09-16 18:10:22.452641
C10386,38443,2025-09-16 18:10:22.452641
C10387,42208,2025-09-16 18:10:22.453645
C10388,21494,2025-09-16 18:10:22.453645
C10389,24174,2025-09-16 18:10:22.454642
C10390,8343,2025-09-16 18:10:22.454642
C10391,5072,2025-09-16 18:10:22.455640
C10392,34961,2025-09-16 18:10:22.455640
C10393,48794,2025-09-16 18:10:22.456638
C10394,6835,2025-09-16 18:10:22.456638
C10395,19772,2025-09-16 18:10:22.457635
C10396,6853,2025-09-16 18:10:22.457635
C10397,19502,2025-09-16 18:10:22.458632
C10398,12529,2025-09-16 18:10:22.458632
C10399,9759,2025-09-16 18:10:22.459630
C10400,43526,2025-09-16 18:10:22.460625
C10401,12245,2025-09-16 18:10:22.461622
C10402,30663,2025-09-16 18:10:22.462619
C10403,9803,2025-09-16 18:10:22.462619
C10404,32039,2025-09-16 18:10:22.463616
C10405,41973,2025-09-16 18:10:22.463616
C10406,6711,2025-09-16 18:10:22.464613
C10407,28588,2025-09-16 18:10:22.464613
C10408,14301,2025-09-16 18:10:22.465611
C10409,6531,2025-09-16 18:10:22.465611
C10410,49386,2025-09-16 18:10:22.466609
C10411,44349,2025-09-16 18:10:22.466609
C10412,12355,2025-09-16 18:10:22.466609
C10413,44709,2025-09-16 18:10:22.468118
C10414,26679,2025-09-16 18:10:22.468118
C10415,5154,2025-09-16 18:10:22.469120
C10416,29098,2025-09-16 18:10:22.469120
C10417,40101,2025-09-16 18:10:22.470117
C10418,38240,2025-09-16 18:10:22.471115
C10419,16024,2025-09-16 18:10:22.471115
C10420,9578,2025-09-16 18:10:22.472112
C10421,6760,2025-09-16 18:10:22.472112
C10422,17776,2025-09-16 18:10:22.473110
C10423,11585,2025-09-16 18:10:22.473110
C10424,8904,2025-09-16 18:10:22.474107
C10425,17060,2025-09-16 18:10:22.474107
C10426,7529,2025-09-16 18:10:22.475713
C10427,7484,2025-09-16 18:10:22.476253
C10428,36916,2025-09-16 18:10:22.477352
C10429,24584,2025-09-16 18:10:22.477903
C10430,13985,2025-09-16 18:10:22.478493
C10431,38084,2025-09-16 18:10:22.479048
C10432,45166,2025-09-16 18:10:22.479600
C10433,36669,2025-09-16 18:10:22.480148
C10434,24790,2025-09-16 18:10:22.480697
C10435,49411,2025-09-16 18:10:22.481245
C10436,18038,2025-09-16 18:10:22.481794
C10437,44502,2025-09-16 18:10:22.481794
C10438,22751,2025-09-16 18:10:22.482830
C10439,9743,2025-09-16 18:10:22.482830
C10440,30057,2025-09-16 18:10:22.483829
C10441,10278,2025-09-16 18:10:22.483829
C10442,19482,2025-09-16 18:10:22.484826
C10443,10891,2025-09-16 18:10:22.484826
C10444,16520,2025-09-16 18:10:22.485823
C10445,47111,2025-09-16 18:10:22.485823
C10446,17333,2025-09-16 18:10:22.486820
C10447,10191,2025-09-16 18:10:22.487822
C10448,11887,2025-09-16 18:10:22.487822
C10449,30888,2025-09-16 18:10:22.488854
C10450,43828,2025-09-16 18:10:22.488854
C10451,36200,2025-09-16 18:10:22.489775
C10452,30516,2025-09-16 18:10:22.490818
C10453,46807,2025-09-16 18:10:22.491814
C10454,45176,2025-09-16 18:10:22.491814
C10455,33997,2025-09-16 18:10:22.492804
C10456,41482,2025-09-16 18:10:22.492804
C10457,28057,2025-09-16 18:10:22.493802
C10458,22020,2025-09-16 18:10:22.494410
C10459,20187,2025-09-16 18:10:22.494713
C10460,33687,2025-09-16 18:10:22.495749
C10461,16448,2025-09-16 18:10:22.495749
C10462,46303,2025-09-16 18:10:22.496746
C10463,49063,2025-09-16 18:10:22.497744
C10464,5142,2025-09-16 18:10:22.498742
C10465,43543,2025-09-16 18:10:22.498742
C10466,41256,2025-09-16 18:10:22.499738
C10467,15081,2025-09-16 18:10:22.500735
C10468,16432,2025-09-16 18:10:22.500735
C10469,10111,2025-09-16 18:10:22.501732
C10470,13950,2025-09-16 18:10:22.501732
C10471,24802,2025-09-16 18:10:22.502730
C10472,12312,2025-09-16 18:10:22.502730
C10473,45767,2025-09-16 18:10:22.503727
C10474,40774,2025-09-16 18:10:22.503727
C10475,30809,2025-09-16 18:10:22.504724
C10476,12281,2025-09-16 18:10:22.504724
C10477,49527,2025-09-16 18:10:22.505722
C10478,20851,2025-09-16 18:10:22.506719
C10479,16882,2025-09-16 18:10:22.506719
C10480,46890,2025-09-16 18:10:22.507716
C10481,8065,2025-09-16 18:10:22.507716
C10482,43708,2025-09-16 18:10:22.508713
C10483,45182,2025-09-16 18:10:22.508713
C10484,38768,2025-09-16 18:10:22.509711
C10485,39535,2025-09-16 18:10:22.511057
C10486,43561,2025-09-16 18:10:22.511305
C10487,39377,2025-09-16 18:10:22.512350
C10488,34262,2025-09-16 18:10:22.512350
C10489,28455,2025-09-16 18:10:22.513347
C10490,35784,2025-09-16 18:10:22.513347
C10491,42966,2025-09-16 18:10:22.514344
C10492,9986,2025-09-16 18:10:22.515341
C10493,24375,2025-09-16 18:10:22.515341
C10494,9819,2025-09-16 18:10:22.516339
C10495,19835,2025-09-16 18:10:22.516339
C10496,22559,2025-09-16 18:10:22.517336
C10497,44988,2025-09-16 18:10:22.517336
C10498,28081,2025-09-16 18:10:22.518333
C10499,10590,2025-09-16 18:10:22.518333
C10500,6721,2025-09-16 18:10:22.519330
C10501,11350,2025-09-16 18:10:22.519330
C10502,29891,2025-09-16 18:10:22.520328
C10503,27512,2025-09-16 18:10:22.520328
C10504,21108,2025-09-16 18:10:22.521325
C10505,11340,2025-09-16 18:10:22.521325
C10506,15357,2025-09-16 18:10:22.522323
C10507,27872,2025-09-16 18:10:22.522323
C10508,22980,2025-09-16 18:10:22.523320
C10509,36528,2025-09-16 18:10:22.523320
C10510,28676,2025-09-16 18:10:22.524317
C10511,18109,2025-09-16 18:10:22.525315
C10512,5010,2025-09-16 18:10:22.525315
C10513,27730,2025-09-16 18:10:22.526313
C10514,12747,2025-09-16 18:10:22.526313
C10515,6340,2025-09-16 18:10:22.528094
C10516,47817,2025-09-16 18:10:22.528094
C10517,33018,2025-09-16 18:10:22.529164
C10518,36372,2025-09-16 18:10:22.529164
C10519,10746,2025-09-16 18:10:22.530161
C10520,27899,2025-09-16 18:10:22.531158
C10521,31484,2025-09-16 18:10:22.531158
C10522,31192,2025-09-16 18:10:22.532158
C10523,22205,2025-09-16 18:10:22.532158
C10524,29139,2025-09-16 18:10:22.533156
C10525,8512,2025-09-16 18:10:22.533156
C10526,42548,2025-09-16 18:10:22.534151
C10527,45250,2025-09-16 18:10:22.534151
C10528,35655,2025-09-16 18:10:22.535151
C10529,13041,2025-09-16 18:10:22.535151
C10530,12488,2025-09-16 18:10:22.536146
C10531,38241,2025-09-16 18:10:22.537142
C10532,44679,2025-09-16 18:10:22.537142
C10533,40172,2025-09-16 18:10:22.538139
C10534,39785,2025-09-16 18:10:22.538139
C10535,44853,2025-09-16 18:10:22.539141
C10536,12443,2025-09-16 18:10:22.539141
C10537,16169,2025-09-16 18:10:22.540145
C10538,38232,2025-09-16 18:10:22.540145
C10539,23510,2025-09-16 18:10:22.541137
C10540,31144,2025-09-16 18:10:22.541137
C10541,36939,2025-09-16 18:10:22.542133
C10542,30028,2025-09-16 18:10:22.543132
C10543,41805,2025-09-16 18:10:22.543132
C10544,22606,2025-09-16 18:10:22.544426
C10545,25625,2025-09-16 18:10:22.544757
C10546,26248,2025-09-16 18:10:22.545834
C10547,9436,2025-09-16 18:10:22.545834
C10548,28087,2025-09-16 18:10:22.546831
C10549,43629,2025-09-16 18:10:22.546831
C10550,24641,2025-09-16 18:10:22.547828
C10551,10287,2025-09-16 18:10:22.547828
C10552,19212,2025-09-16 18:10:22.548826
C10553,24331,2025-09-16 18:10:22.548826
C10554,15569,2025-09-16 18:10:22.549824
C10555,45743,2025-09-16 18:10:22.549824
C10556,41335,2025-09-16 18:10:22.550821
C10557,9150,2025-09-16 18:10:22.550821
C10558,17731,2025-09-16 18:10:22.551819
C10559,24765,2025-09-16 18:10:22.552815
C10560,42768,2025-09-16 18:10:22.552815
C10561,35331,2025-09-16 18:10:22.552815
C10562,43702,2025-09-16 18:10:22.553853
C10563,9995,2025-09-16 18:10:22.554850
C10564,26597,2025-09-16 18:10:22.554850
C10565,48796,2025-09-16 18:10:22.555866
C10566,6591,2025-09-16 18:10:22.555866
C10567,27088,2025-09-16 18:10:22.556849
C10568,17410,2025-09-16 18:10:22.556849
C10569,26390,2025-09-16 18:10:22.557851
C10570,34888,2025-09-16 18:10:22.557851
C10571,47728,2025-09-16 18:10:22.558844
C10572,13576,2025-09-16 18:10:22.558844
C10573,20250,2025-09-16 18:10:22.559842
C10574,45074,2025-09-16 18:10:22.560980
C10575,15969,2025-09-16 18:10:22.561305
C10576,38558,2025-09-16 18:10:22.562384
C10577,24246,2025-09-16 18:10:22.562384
C10578,41801,2025-09-16 18:10:22.563378
C10579,40547,2025-09-16 18:10:22.563378
C10580,9210,2025-09-16 18:10:22.564379
C10581,8610,2025-09-16 18:10:22.564379
C10582,35940,2025-09-16 18:10:22.565372
C10583,10773,2025-09-16 18:10:22.565372
C10584,20388,2025-09-16 18:10:22.566369
C10585,29186,2025-09-16 18:10:22.566369
C10586,47985,2025-09-16 18:10:22.567367
C10587,34819,2025-09-16 18:10:22.567367
C10588,26278,2025-09-16 18:10:22.568364
C10589,5284,2025-09-16 18:10:22.568906
C10590,32949,2025-09-16 18:10:22.569943
C10591,5573,2025-09-16 18:10:22.569943
C10592,24703,2025-09-16 18:10:22.570942
C10593,17778,2025-09-16 18:10:22.570942
C10594,47583,2025-09-16 18:10:22.571943
C10595,5113,2025-09-16 18:10:22.571943
C10596,36864,2025-09-16 18:10:22.572940
C10597,24530,2025-09-16 18:10:22.572940
C10598,34123,2025-09-16 18:10:22.573937
C10599,9564,2025-09-16 18:10:22.573937
C10600,24816,2025-09-16 18:10:22.574936
C10601,32886,2025-09-16 18:10:22.574936
C10602,22313,2025-09-16 18:10:22.575931
C10603,42856,2025-09-16 18:10:22.576933
C10604,18667,2025-09-16 18:10:22.577891
C10605,43298,2025-09-16 18:10:22.578886
C10606,26350,2025-09-16 18:10:22.578886
C10607,45927,2025-09-16 18:10:22.579883
C10608,11042,2025-09-16 18:10:22.579883
C10609,37647,2025-09-16 18:10:22.580880
C10610,19070,2025-09-16 18:10:22.580880
C10611,36420,2025-09-16 18:10:22.581877
C10612,30250,2025-09-16 18:10:22.581877
C10613,9429,2025-09-16 18:10:22.582874
C10614,11878,2025-09-16 18:10:22.583872
C10615,40259,2025-09-16 18:10:22.583872
C10616,47794,2025-09-16 18:10:22.584869
C10617,43098,2025-09-16 18:10:22.584869
C10618,30912,2025-09-16 18:10:22.585866
C10619,49808,2025-09-16 18:10:22.585866
C10620,37469,2025-09-16 18:10:22.586864
C10621,16722,2025-09-16 18:10:22.586864
C10622,39665,2025-09-16 18:10:22.587861
C10623,47799,2025-09-16 18:10:22.587861
C10624,37508,2025-09-16 18:10:22.588859
C10625,7341,2025-09-16 18:10:22.588859
C10626,25506,2025-09-16 18:10:22.589856
C10627,29985,2025-09-16 18:10:22.589856
C10628,23739,2025-09-16 18:10:22.590854
C10629,6086,2025-09-16 18:10:22.591851
C10630,45015,2025-09-16 18:10:22.591851
C10631,22057,2025-09-16 18:10:22.592848
C10632,13170,2025-09-16 18:10:22.592848
C10633,38423,2025-09-16 18:10:22.593847
C10634,25811,2025-09-16 18:10:22.594775
C10635,17731,2025-09-16 18:10:22.595846
C10636,40631,2025-09-16 18:10:22.595846
C10637,31638,2025-09-16 18:10:22.596847
C10638,25395,2025-09-16 18:10:22.596847
C10639,23807,2025-09-16 18:10:22.597840
C10640,5128,2025-09-16 18:10:22.597840
C10641,17252,2025-09-16 18:10:22.598838
C10642,48180,2025-09-16 18:10:22.598838
C10643,6950,2025-09-16 18:10:22.599835
C10644,39312,2025-09-16 18:10:22.599835
C10645,11751,2025-09-16 18:10:22.600832
C10646,17848,2025-09-16 18:10:22.600832
C10647,17751,2025-09-16 18:10:22.601829
C10648,46303,2025-09-16 18:10:22.601829
C10649,9378,2025-09-16 18:10:22.602831
C10650,20431,2025-09-16 18:10:22.603828
C10651,32174,2025-09-16 18:10:22.603828
C10652,39297,2025-09-16 18:10:22.604825
C10653,7186,2025-09-16 18:10:22.604825
C10654,16133,2025-09-16 18:10:22.605863
C10655,7531,2025-09-16 18:10:22.606821
C10656,21361,2025-09-16 18:10:22.606821
C10657,42052,2025-09-16 18:10:22.607824
C10658,28045,2025-09-16 18:10:22.607824
C10659,23949,2025-09-16 18:10:22.608820
C10660,12870,2025-09-16 18:10:22.608820
C10661,15311,2025-09-16 18:10:22.609822
C10662,34000,2025-09-16 18:10:22.611415
C10663,17660,2025-09-16 18:10:22.611415
C10664,24277,2025-09-16 18:10:22.612491
C10665,48548,2025-09-16 18:10:22.612491
C10666,40509,2025-09-16 18:10:22.613488
C10667,11114,2025-09-16 18:10:22.613488
C10668,39928,2025-09-16 18:10:22.614486
C10669,40783,2025-09-16 18:10:22.614486
C10670,35939,2025-09-16 18:10:22.615482
C10671,29062,2025-09-16 18:10:22.616479
C10672,46153,2025-09-16 18:10:22.616479
C10673,13185,2025-09-16 18:10:22.617477
C10674,24828,2025-09-16 18:10:22.617477
C10675,18598,2025-09-16 18:10:22.618474
C10676,12703,2025-09-16 18:10:22.618474
C10677,5442,2025-09-16 18:10:22.619472
C10678,30240,2025-09-16 18:10:22.619472
C10679,10967,2025-09-16 18:10:22.620472
C10680,5214,2025-09-16 18:10:22.620472
C10681,35267,2025-09-16 18:10:22.621466
C10682,34550,2025-09-16 18:10:22.621466
C10683,31649,2025-09-16 18:10:22.622469
C10684,12504,2025-09-16 18:10:22.622469
C10685,15092,2025-09-16 18:10:22.623472
C10686,38374,2025-09-16 18:10:22.623472
C10687,14616,2025-09-16 18:10:22.624464
C10688,17116,2025-09-16 18:10:22.624464
C10689,19816,2025-09-16 18:10:22.625461
C10690,13099,2025-09-16 18:10:22.626462
C10691,43849,2025-09-16 18:10:22.626462
C10692,15774,2025-09-16 18:10:22.628180
C10693,46509,2025-09-16 18:10:22.628180
C10694,39941,2025-09-16 18:10:22.629221
C10695,21847,2025-09-16 18:10:22.630217
C10696,25871,2025-09-16 18:10:22.630217
C10697,31779,2025-09-16 18:10:22.631215
C10698,42855,2025-09-16 18:10:22.631215
C10699,24503,2025-09-16 18:10:22.632212
C10700,20367,2025-09-16 18:10:22.632212
C10701,41899,2025-09-16 18:10:22.633209
C10702,34944,2025-09-16 18:10:22.634206
C10703,45280,2025-09-16 18:10:22.634206
C10704,15397,2025-09-16 18:10:22.635204
C10705,14043,2025-09-16 18:10:22.635204
C10706,32925,2025-09-16 18:10:22.636202
C10707,38828,2025-09-16 18:10:22.636202
C10708,44404,2025-09-16 18:10:22.637199
C10709,34205,2025-09-16 18:10:22.637199
C10710,21038,2025-09-16 18:10:22.638196
C10711,46626,2025-09-16 18:10:22.638196
C10712,39766,2025-09-16 18:10:22.639193
C10713,9766,2025-09-16 18:10:22.639193
C10714,41538,2025-09-16 18:10:22.640191
C10715,19726,2025-09-16 18:10:22.640191
C10716,49735,2025-09-16 18:10:22.641188
C10717,42126,2025-09-16 18:10:22.641188
C10718,11871,2025-09-16 18:10:22.642185
C10719,49595,2025-09-16 18:10:22.642185
C10720,22811,2025-09-16 18:10:22.643183
C10721,43351,2025-09-16 18:10:22.644191
C10722,42212,2025-09-16 18:10:22.645178
C10723,8089,2025-09-16 18:10:22.645178
C10724,15918,2025-09-16 18:10:22.646175
C10725,44186,2025-09-16 18:10:22.646175
C10726,46251,2025-09-16 18:10:22.647172
C10727,9897,2025-09-16 18:10:22.647172
C10728,10692,2025-09-16 18:10:22.648169
C10729,28096,2025-09-16 18:10:22.648169
C10730,34868,2025-09-16 18:10:22.649167
C10731,17815,2025-09-16 18:10:22.649167
C10732,25100,2025-09-16 18:10:22.650164
C10733,49462,2025-09-16 18:10:22.650164
C10734,32819,2025-09-16 18:10:22.651161
C10735,31242,2025-09-16 18:10:22.651161
C10736,21253,2025-09-16 18:10:22.652159
C10737,38485,2025-09-16 18:10:22.653156
C10738,15018,2025-09-16 18:10:22.653156
C10739,39224,2025-09-16 18:10:22.654159
C10740,43016,2025-09-16 18:10:22.654159
C10741,35261,2025-09-16 18:10:22.655157
C10742,20696,2025-09-16 18:10:22.655157
C10743,17992,2025-09-16 18:10:22.656155
C10744,17738,2025-09-16 18:10:22.656155
C10745,22435,2025-09-16 18:10:22.657152
C10746,41934,2025-09-16 18:10:22.657152
C10747,37455,2025-09-16 18:10:22.658149
C10748,45347,2025-09-16 18:10:22.658149
C10749,48864,2025-09-16 18:10:22.659147
C10750,34581,2025-09-16 18:10:22.659147
C10751,39109,2025-09-16 18:10:22.660144
C10752,31546,2025-09-16 18:10:22.661052
C10753,34086,2025-09-16 18:10:22.661441
C10754,36920,2025-09-16 18:10:22.662486
C10755,35961,2025-09-16 18:10:22.662486
C10756,31251,2025-09-16 18:10:22.663483
C10757,5753,2025-09-16 18:10:22.663483
C10758,14627,2025-09-16 18:10:22.664481
C10759,32690,2025-09-16 18:10:22.664481
C10760,38634,2025-09-16 18:10:22.665478
C10761,36084,2025-09-16 18:10:22.666475
C10762,7551,2025-09-16 18:10:22.666475
C10763,22608,2025-09-16 18:10:22.667473
C10764,48427,2025-09-16 18:10:22.667473
C10765,37750,2025-09-16 18:10:22.668470
C10766,36218,2025-09-16 18:10:22.668979
C10767,36237,2025-09-16 18:10:22.668979
C10768,35765,2025-09-16 18:10:22.669982
C10769,39318,2025-09-16 18:10:22.669982
C10770,34104,2025-09-16 18:10:22.670979
C10771,17772,2025-09-16 18:10:22.670979
C10772,43419,2025-09-16 18:10:22.671976
C10773,18307,2025-09-16 18:10:22.671976
C10774,45798,2025-09-16 18:10:22.672974
C10775,31794,2025-09-16 18:10:22.673971
C10776,27653,2025-09-16 18:10:22.673971
C10777,12089,2025-09-16 18:10:22.674968
C10778,13802,2025-09-16 18:10:22.674968
C10779,24740,2025-09-16 18:10:22.675966
C10780,10760,2025-09-16 18:10:22.675966
C10781,40324,2025-09-16 18:10:22.676963
C10782,24445,2025-09-16 18:10:22.678156
C10783,16685,2025-09-16 18:10:22.678156
C10784,22442,2025-09-16 18:10:22.679155
C10785,13237,2025-09-16 18:10:22.680152
C10786,22464,2025-09-16 18:10:22.680152
C10787,43209,2025-09-16 18:10:22.680152
C10788,39941,2025-09-16 18:10:22.681149
C10789,18529,2025-09-16 18:10:22.681149
C10790,21044,2025-09-16 18:10:22.682147
C10791,39432,2025-09-16 18:10:22.682147
C10792,47371,2025-09-16 18:10:22.683144
C10793,6481,2025-09-16 18:10:22.684141
C10794,32927,2025-09-16 18:10:22.684141
C10795,9827,2025-09-16 18:10:22.685139
C10796,30849,2025-09-16 18:10:22.685139
C10797,20809,2025-09-16 18:10:22.685139
C10798,38177,2025-09-16 18:10:22.686136
C10799,35323,2025-09-16 18:10:22.687133
C10800,45798,2025-09-16 18:10:22.687133
C10801,16901,2025-09-16 18:10:22.687133
C10802,23740,2025-09-16 18:10:22.688131
C10803,44285,2025-09-16 18:10:22.689128
C10804,46446,2025-09-16 18:10:22.689128
C10805,14580,2025-09-16 18:10:22.690126
C10806,12866,2025-09-16 18:10:22.690126
C10807,46240,2025-09-16 18:10:22.691123
C10808,15097,2025-09-16 18:10:22.691123
C10809,15678,2025-09-16 18:10:22.692120
C10810,46614,2025-09-16 18:10:22.692120
C10811,23837,2025-09-16 18:10:22.693118
C10812,40585,2025-09-16 18:10:22.693118
C10813,29134,2025-09-16 18:10:22.694818
C10814,39276,2025-09-16 18:10:22.695817
C10815,24319,2025-09-16 18:10:22.696817
C10816,20369,2025-09-16 18:10:22.696817
C10817,11129,2025-09-16 18:10:22.697813
C10818,40254,2025-09-16 18:10:22.697813
C10819,27623,2025-09-16 18:10:22.698810
C10820,34362,2025-09-16 18:10:22.698810
C10821,28630,2025-09-16 18:10:22.699807
C10822,23286,2025-09-16 18:10:22.699807
C10823,11059,2025-09-16 18:10:22.700805
C10824,37537,2025-09-16 18:10:22.701803
C10825,25526,2025-09-16 18:10:22.701803
C10826,25378,2025-09-16 18:10:22.702800
C10827,36616,2025-09-16 18:10:22.702800
C10828,24010,2025-09-16 18:10:22.703797
C10829,8097,2025-09-16 18:10:22.703797
C10830,8243,2025-09-16 18:10:22.704794
C10831,17114,2025-09-16 18:10:22.704794
C10832,33946,2025-09-16 18:10:22.705791
C10833,17546,2025-09-16 18:10:22.705791
C10834,34660,2025-09-16 18:10:22.706790
C10835,40121,2025-09-16 18:10:22.706790
C10836,48758,2025-09-16 18:10:22.707787
C10837,15056,2025-09-16 18:10:22.707787
C10838,10771,2025-09-16 18:10:22.708784
C10839,40453,2025-09-16 18:10:22.708784
C10840,13029,2025-09-16 18:10:22.710107
C10841,24090,2025-09-16 18:10:22.710107
C10842,14267,2025-09-16 18:10:22.711455
C10843,26977,2025-09-16 18:10:22.712566
C10844,13867,2025-09-16 18:10:22.712566
C10845,20671,2025-09-16 18:10:22.713628
C10846,37998,2025-09-16 18:10:22.713628
C10847,22837,2025-09-16 18:10:22.714688
C10848,25218,2025-09-16 18:10:22.714688
C10849,41748,2025-09-16 18:10:22.715695
C10850,27749,2025-09-16 18:10:22.715695
C10851,12209,2025-09-16 18:10:22.716699
C10852,42794,2025-09-16 18:10:22.716699
C10853,13840,2025-09-16 18:10:22.717696
C10854,23293,2025-09-16 18:10:22.717696
C10855,13157,2025-09-16 18:10:22.718693
C10856,16199,2025-09-16 18:10:22.718693
C10857,18827,2025-09-16 18:10:22.719690
C10858,36994,2025-09-16 18:10:22.719690
C10859,48899,2025-09-16 18:10:22.720688
C10860,19647,2025-09-16 18:10:22.721685
C10861,46691,2025-09-16 18:10:22.721685
C10862,35314,2025-09-16 18:10:22.722683
C10863,27129,2025-09-16 18:10:22.722683
C10864,40379,2025-09-16 18:10:22.723680
C10865,12658,2025-09-16 18:10:22.723680
C10866,42733,2025-09-16 18:10:22.724678
C10867,24755,2025-09-16 18:10:22.724678
C10868,16329,2025-09-16 18:10:22.725676
C10869,42515,2025-09-16 18:10:22.725676
C10870,15597,2025-09-16 18:10:22.726673
C10871,42326,2025-09-16 18:10:22.727784
C10872,22187,2025-09-16 18:10:22.728231
C10873,46446,2025-09-16 18:10:22.729268
C10874,6587,2025-09-16 18:10:22.729268
C10875,44467,2025-09-16 18:10:22.730264
C10876,48871,2025-09-16 18:10:22.730264
C10877,26909,2025-09-16 18:10:22.731262
C10878,18896,2025-09-16 18:10:22.731262
C10879,34850,2025-09-16 18:10:22.732259
C10880,5836,2025-09-16 18:10:22.733256
C10881,12576,2025-09-16 18:10:22.733256
C10882,49625,2025-09-16 18:10:22.734253
C10883,48799,2025-09-16 18:10:22.734253
C10884,44074,2025-09-16 18:10:22.735251
C10885,40620,2025-09-16 18:10:22.735251
C10886,10276,2025-09-16 18:10:22.736248
C10887,13623,2025-09-16 18:10:22.737246
C10888,21044,2025-09-16 18:10:22.737246
C10889,22018,2025-09-16 18:10:22.738243
C10890,31312,2025-09-16 18:10:22.738243
C10891,5109,2025-09-16 18:10:22.739240
C10892,49150,2025-09-16 18:10:22.739240
C10893,19407,2025-09-16 18:10:22.740238
C10894,12538,2025-09-16 18:10:22.740238
C10895,20008,2025-09-16 18:10:22.741236
C10896,48121,2025-09-16 18:10:22.742232
C10897,36799,2025-09-16 18:10:22.742232
C10898,36430,2025-09-16 18:10:22.742232
C10899,22173,2025-09-16 18:10:22.743230
C10900,12500,2025-09-16 18:10:22.744248
C10901,10281,2025-09-16 18:10:22.744754
C10902,18698,2025-09-16 18:10:22.745795
C10903,42806,2025-09-16 18:10:22.745795
C10904,10761,2025-09-16 18:10:22.746792
C10905,7900,2025-09-16 18:10:22.746792
C10906,42553,2025-09-16 18:10:22.747789
C10907,41370,2025-09-16 18:10:22.747789
C10908,29033,2025-09-16 18:10:22.748787
C10909,44360,2025-09-16 18:10:22.748787
C10910,35171,2025-09-16 18:10:22.749783
C10911,34644,2025-09-16 18:10:22.749783
C10912,41320,2025-09-16 18:10:22.750781
C10913,35742,2025-09-16 18:10:22.750781
C10914,13831,2025-09-16 18:10:22.751779
C10915,29899,2025-09-16 18:10:22.751779
C10916,24142,2025-09-16 18:10:22.752776
C10917,9359,2025-09-16 18:10:22.752776
C10918,11875,2025-09-16 18:10:22.753779
C10919,25446,2025-09-16 18:10:22.754802
C10920,25851,2025-09-16 18:10:22.754802
C10921,25988,2025-09-16 18:10:22.755774
C10922,10738,2025-09-16 18:10:22.755774
C10923,19647,2025-09-16 18:10:22.756771
C10924,31138,2025-09-16 18:10:22.756771
C10925,7188,2025-09-16 18:10:22.757769
C10926,46313,2025-09-16 18:10:22.757769
C10927,29246,2025-09-16 18:10:22.758766
C10928,15681,2025-09-16 18:10:22.758766
C10929,41442,2025-09-16 18:10:22.759763
C10930,30821,2025-09-16 18:10:22.760760
C10931,16774,2025-09-16 18:10:22.761464
C10932,12856,2025-09-16 18:10:22.762508
C10933,16509,2025-09-16 18:10:22.762508
C10934,21274,2025-09-16 18:10:22.763504
C10935,26382,2025-09-16 18:10:22.763504
C10936,9816,2025-09-16 18:10:22.764502
C10937,22952,2025-09-16 18:10:22.764502
C10938,14219,2025-09-16 18:10:22.765499
C10939,19232,2025-09-16 18:10:22.765499
C10940,16379,2025-09-16 18:10:22.766496
C10941,9574,2025-09-16 18:10:22.766496
C10942,38696,2025-09-16 18:10:22.767494
C10943,22013,2025-09-16 18:10:22.768491
C10944,42160,2025-09-16 18:10:22.768998
C10945,31421,2025-09-16 18:10:22.768998
C10946,23943,2025-09-16 18:10:22.770000
C10947,6283,2025-09-16 18:10:22.770000
C10948,23457,2025-09-16 18:10:22.770997
C10949,49704,2025-09-16 18:10:22.770997
C10950,10486,2025-09-16 18:10:22.771995
C10951,46061,2025-09-16 18:10:22.771995
C10952,9432,2025-09-16 18:10:22.772993
C10953,27543,2025-09-16 18:10:22.772993
C10954,29612,2025-09-16 18:10:22.773990
C10955,11800,2025-09-16 18:10:22.774987
C10956,25935,2025-09-16 18:10:22.774987
C10957,18420,2025-09-16 18:10:22.775984
C10958,9814,2025-09-16 18:10:22.775984
C10959,45553,2025-09-16 18:10:22.777780
C10960,31569,2025-09-16 18:10:22.778105
C10961,42121,2025-09-16 18:10:22.779140
C10962,29844,2025-09-16 18:10:22.779140
C10963,45834,2025-09-16 18:10:22.780137
C10964,19272,2025-09-16 18:10:22.780137
C10965,27663,2025-09-16 18:10:22.780137
C10966,41310,2025-09-16 18:10:22.781134
C10967,47997,2025-09-16 18:10:22.782131
C10968,34273,2025-09-16 18:10:22.782131
C10969,20245,2025-09-16 18:10:22.783129
C10970,38965,2025-09-16 18:10:22.783129
C10971,32229,2025-09-16 18:10:22.784126
C10972,13521,2025-09-16 18:10:22.784126
C10973,26553,2025-09-16 18:10:22.785124
C10974,7496,2025-09-16 18:10:22.785124
C10975,20164,2025-09-16 18:10:22.786120
C10976,43455,2025-09-16 18:10:22.786120
C10977,43454,2025-09-16 18:10:22.787154
C10978,21188,2025-09-16 18:10:22.787154
C10979,6756,2025-09-16 18:10:22.788150
C10980,47706,2025-09-16 18:10:22.788150
C10981,49652,2025-09-16 18:10:22.789152
C10982,19772,2025-09-16 18:10:22.789152
C10983,24644,2025-09-16 18:10:22.790151
C10984,27091,2025-09-16 18:10:22.790151
C10985,36340,2025-09-16 18:10:22.791151
C10986,40284,2025-09-16 18:10:22.791151
C10987,8278,2025-09-16 18:10:22.792146
C10988,8071,2025-09-16 18:10:22.792146
C10989,20424,2025-09-16 18:10:22.793141
C10990,25234,2025-09-16 18:10:22.793141
C10991,38252,2025-09-16 18:10:22.795132
C10992,6091,2025-09-16 18:10:22.795132
C10993,27547,2025-09-16 18:10:22.796129
C10994,41948,2025-09-16 18:10:22.796129
C10995,7270,2025-09-16 18:10:22.797127
C10996,29619,2025-09-16 18:10:22.797127
C10997,34519,2025-09-16 18:10:22.798124
C10998,23870,2025-09-16 18:10:22.798124
C10999,36091,2025-09-16 18:10:22.799121
